link,title,category,address,open_hours,popular_times,website,phone,plus_code,review_rating,latitude,longitude,cid,status,descriptions,thumbnail,timezone,owner
https://www.google.com/maps/place/Vietnam+-+Russia+Joint+Venture+Bank/data=!4m7!3m6!1s0x3135ab9ea3c9c02b:0xf4cbe69d5ca61ed9!8m2!3d21!4d105!16s%2Fg%2F11k5lwbc0s!19sChIJK8DJo56rNTER2R6mXJ3my_Q?authuser=0&hl=vi&rclk=1,Vietnam - Russia Joint Venture Bank,Ngân hàng,"108 P.Tôn Đức Thắng, Văn Miếu – Quốc Tử Giám, Đống Đa, Hà Nội",{},{},,,"2RGM+QC Đống Đa, Hà Nội",5.0,21.026887,105.833574,17639445929065324249,,,https://lh3.googleusercontent.com/gps-cs-s/AC9h4nr5DXX0NE9XtZPchfZcMmv_fF7QeDCsU5X0CDM0C5nyQSWtT3rC7KujbMuNlHAbEUvR9ihWPwB1JfIgXpggIGbDsie9vHrMmCfn0Qo8jGFa7MTGVFxTuPx0_XTNJvtoF_xHGwgTQw=w408-h306-k-no,Asia/Saigon,"{""id"":"""",""name"":""Vietnam - Russia Joint Venture Bank (Chủ sở hữu)"",""link"":""""}"
https://www.google.com/maps/place/Ng%C3%A2n+H%C3%A0ng+Tmcp+S%C3%A0i+G%C3%B2n+-+H%C3%A0+N%E1%BB%99i+%28+Shb+Bank%29/data=!4m7!3m6!1s0x3135abbfc179e827:0xc0fbce19dea3f215!8m2!3d21!4d105!16s%2Fg%2F1jkwb6lbv!19sChIJJ-h5wb-rNTERFfKj3hnO-8A?authuser=0&hl=vi&rclk=1,Ngân Hàng Tmcp Sài Gòn - Hà Nội ( Shb Bank),Ngân hàng,"8 Ng. Hàng Hành, Hàng Trống, Hoàn Kiếm, Hà Nội","{""Chủ Nhật"":[""Mở cửa cả ngày""],""Thứ Ba"":[""Mở cửa cả ngày""],""Thứ Bảy"":[""Mở cửa cả ngày""],""Thứ Hai"":[""Mở cửa cả ngày""],""Thứ Năm"":[""Mở cửa cả ngày""],""Thứ Sáu"":[""Mở cửa cả ngày""],""Thứ Tư"":[""Mở cửa cả ngày""]}","{""Friday"":{""0"":37,""1"":12,""10"":37,""11"":31,""12"":18,""13"":18,""14"":37,""15"":43,""16"":25,""17"":18,""18"":37,""19"":50,""2"":12,""20"":25,""21"":37,""22"":50,""23"":50,""3"":18,""4"":25,""5"":25,""6"":43,""7"":56,""8"":56,""9"":50},""Monday"":{""0"":18,""1"":31,""10"":6,""11"":12,""12"":25,""13"":18,""14"":37,""15"":50,""16"":56,""17"":37,""18"":37,""19"":37,""2"":37,""20"":56,""21"":56,""22"":56,""23"":31,""3"":37,""4"":31,""5"":50,""6"":31,""7"":37,""8"":25,""9"":18},""Saturday"":{""0"":37,""1"":62,""10"":12,""11"":18,""12"":18,""13"":43,""14"":43,""15"":43,""16"":56,""17"":62,""18"":62,""19"":43,""2"":37,""20"":56,""21"":56,""22"":43,""23"":37,""3"":50,""4"":81,""5"":81,""6"":56,""7"":43,""8"":25,""9"":25},""Sunday"":{""0"":18,""1"":37,""10"":31,""11"":43,""12"":56,""13"":56,""14"":37,""15"":50,""16"":37,""17"":56,""18"":50,""19"":75,""2"":62,""20"":62,""21"":62,""22"":50,""23"":25,""3"":50,""4"":25,""5"":12,""6"":6,""7"":18,""8"":18,""9"":18},""Thursday"":{""0"":43,""1"":18,""10"":12,""11"":0,""12"":12,""13"":25,""14"":43,""15"":31,""16"":68,""17"":68,""18"":100,""19"":75,""2"":25,""20"":56,""21"":31,""22"":50,""23"":37,""3"":25,""4"":31,""5"":25,""6"":43,""7"":37,""8"":31,""9"":25},""Tuesday"":{""0"":6,""1"":6,""10"":62,""11"":75,""12"":43,""13"":37,""14"":25,""15"":37,""16"":37,""17"":31,""18"":18,""19"":12,""2"":6,""20"":0,""21"":6,""22"":18,""23"":12,""3"":18,""4"":31,""5"":31,""6"":37,""7"":56,""8"":62,""9"":68},""Wednesday"":{""0"":31,""1"":12,""10"":12,""11"":18,""12"":25,""13"":25,""14"":50,""15"":37,""16"":56,""17"":56,""18"":62,""19"":43,""2"":0,""20"":25,""21"":25,""22"":25,""23"":31,""3"":12,""4"":12,""5"":43,""6"":43,""7"":43,""8"":31,""9"":31}}",https://www.shb.com.vn/,024 6270 0420,"2VJ2+P6 Hoàn Kiếm, Hà Nội",3.5,21.031789,105.850617,13905934884941328917,Mở cả ngày,,https://lh3.googleusercontent.com/gps-cs-s/AC9h4nrGRYcWZdLr047-N3iu0MXimrql5w0z2-dpKl722tU6VZpfirMceM6T0io-4qc6RnXHeC09jBZYAJwaR0QrF5wuTRpMm3zWWW_pJl9F_2skj8Vo0THLbeaY9WaQJCxdVzAQ-woK=w408-h272-k-no,Asia/Saigon,"{""id"":"""",""name"":""Ngân Hàng Tmcp Sài Gòn - Hà Nội ( Shb Bank) (Chủ sở hữu)"",""link"":""""}"
https://www.google.com/maps/place/GP+Bank+Tr%E1%BA%A7n+H%C6%B0ng+%C4%90%E1%BA%A1o/data=!4m7!3m6!1s0x3135ab909400fe27:0xe223faf527c63323!8m2!3d21!4d105!16s%2Fg%2F1hc440qn1!19sChIJJ_4AlJCrNTERIzPGJ_X6I-I?authuser=0&hl=vi&rclk=1,GP Bank Trần Hưng Đạo,Ngân hàng,"109 Trần Hưng Đạo, Cửa Nam, Hoàn Kiếm, Hà Nội",{},{},,024 3734 5345,"2RFR+FR Hoàn Kiếm, Hà Nội",4.0,21.023738,105.842035,16295143807597818659,,,https://lh3.googleusercontent.com/gps-cs-s/AC9h4nrPbsoO12ArS4qxeeco5tTupKSnWKTJ-8z1Z8g0l1AewI1LAkjPHB8CX_3UV6j2TER6-yCdSNWFbZnDkvqje0MafX0Mdc_Ffwn4scFCvAVh66egam_0i3FUgdlWfc_NpHNw59pv=w408-h544-k-no,Asia/Saigon,"{""id"":"""",""name"":""GP Bank Trần Hưng Đạo (Chủ sở hữu)"",""link"":""""}"
https://www.google.com/maps/place/TPBank+Ho%C3%A0n+Ki%E1%BA%BFm/data=!4m7!3m6!1s0x3135abec4da1adcb:0x5fc2b305a8a3bcdd!8m2!3d21!4d105!16s%2Fg%2F11b6_j_45l!19sChIJy62hTeyrNTER3byjqAWzwl8?authuser=0&hl=vi&rclk=1,TPBank Hoàn Kiếm,Ngân hàng,"38-40 P. Hàng Da, Hàng Bông, Hoàn Kiếm, Hà Nội 100000","{""Chủ Nhật"":[""Đóng cửa""],""Thứ Ba"":[""08:00–17:00""],""Thứ Bảy"":[""08:00–11:30""],""Thứ Hai"":[""08:00–17:00""],""Thứ Năm"":[""08:00–17:00""],""Thứ Sáu"":[""08:00–17:00""],""Thứ Tư"":[""08:00–17:00""]}","{""Friday"":{""10"":64,""11"":51,""12"":48,""13"":54,""14"":61,""15"":54,""16"":35,""17"":0,""18"":0,""19"":0,""20"":0,""21"":0,""22"":0,""23"":0,""6"":0,""7"":0,""8"":67,""9"":67},""Monday"":{""10"":83,""11"":62,""12"":50,""13"":51,""14"":64,""15"":59,""16"":54,""17"":0,""18"":0,""19"":0,""20"":0,""21"":0,""22"":0,""23"":0,""6"":0,""7"":0,""8"":87,""9"":87},""Saturday"":{""10"":59,""11"":38,""12"":0,""13"":0,""14"":0,""15"":0,""16"":0,""17"":0,""18"":0,""19"":0,""20"":0,""21"":0,""22"":0,""23"":0,""6"":0,""7"":0,""8"":79,""9"":80},""Sunday"":{},""Thursday"":{""10"":90,""11"":69,""12"":54,""13"":43,""14"":43,""15"":41,""16"":35,""17"":0,""18"":0,""19"":0,""20"":0,""21"":0,""22"":0,""23"":0,""6"":0,""7"":0,""8"":77,""9"":87},""Tuesday"":{""10"":98,""11"":77,""12"":66,""13"":54,""14"":61,""15"":59,""16"":50,""17"":0,""18"":0,""19"":0,""20"":0,""21"":0,""22"":0,""23"":0,""6"":0,""7"":0,""8"":82,""9"":100},""Wednesday"":{""10"":90,""11"":77,""12"":61,""13"":38,""14"":40,""15"":41,""16"":54,""17"":0,""18"":0,""19"":0,""20"":0,""21"":0,""22"":0,""23"":0,""6"":0,""7"":0,""8"":80,""9"":82}}",,024 3768 3683,"2RJW+6J Hoàn Kiếm, Hà Nội",4.1,21.030514,105.846564,6900274415970532573,Đã đóng cửa ⋅ Mở lúc 8:00 Th 7,,https://lh3.googleusercontent.com/gps-cs-s/AC9h4noKqxkYxVYZ4BU2skYZ466kmR1xJVWaUPt2s_efMhCHxgxbKAvzzh8pn3mwg0WpwiJ3R1vx3_Isj0vM6yc9ZbUZ9S7bw4-IU5fZlcVnC3HavXGgEYGXV4bVRp4T8R3FA2-p7DI9IA=w408-h544-k-no,Asia/Saigon,"{""id"":""108105981724377583006"",""name"":""TPBank Hoàn Kiếm (Chủ sở hữu)"",""link"":""https://www.google.com/maps/contrib/108105981724377583006""}"
https://www.google.com/maps/place/Hongleong+Bank/data=!4m7!3m6!1s0x3135ab90d0eb4f1b:0xf72f57136a8a6d20!8m2!3d21!4d105!16s%2Fg%2F11nx1z33lz!19sChIJG0_r0JCrNTERIG2KahNXL_c?authuser=0&hl=vi&rclk=1,Hongleong Bank,Ngân hàng,"30 P. Phan Bội Châu, Cửa Nam, Hoàn Kiếm, Hà Nội",{},{},,,"2RFV+W8 Hoàn Kiếm, Hà Nội",5.0,21.024842,105.843301,17811550792177052960,,,,Asia/Saigon,"{""id"":"""",""name"":""Hongleong Bank (Chủ sở hữu)"",""link"":""""}"
https://www.google.com/maps/place/Bac+A+Bank@+Ha+Trung+Transactions+Office/data=!4m7!3m6!1s0x3135ab9616792479:0x1b69340588564c3a!8m2!3d21!4d105!16s%2Fg%2F11rchs6nv!19sChIJeSR5FparNTEROkxWiAU0aRs?authuser=0&hl=vi&rclk=1,Bac A Bank@ Ha Trung Transactions Office,Ngân hàng,"57 P. Hà Trung, Hàng Bông, Hoàn Kiếm, Hà Nội",{},{},,024 3938 1055,"2RJW+24 Hoàn Kiếm, Hà Nội",5.0,21.030072,105.845348,1975167109945510970,,,https://lh3.googleusercontent.com/gps-cs-s/AC9h4nqhz3wySRV0cc2SmZ_FTqUVo5THWVDFHO2LWqe_7JJOA1yrFAGVlyHSbMu76nwJAfb3XWg33Na5X81sdY0aBY7Pa6F2nQ4moRXiJSDjZhNR55OhbTOQAMR7-92WxtGMUIlkTDJp0A=w408-h883-k-no,Asia/Saigon,"{""id"":"""",""name"":""Bac A Bank@ Ha Trung Transactions Office (Chủ sở hữu)"",""link"":""""}"
https://www.google.com/maps/place/Saigon+Commercial+Bank/data=!4m7!3m6!1s0x3135abc02a2313f9:0x26a57d01cb9c5f4b!8m2!3d21!4d105!16s%2Fg%2F11f54252wj!19sChIJ-RMjKsCrNTERS1-cywF9pSY?authuser=0&hl=vi&rclk=1,Saigon Commercial Bank,Ngân hàng,"15 P. Lý Thái Tổ, Lý Thái Tổ, Hoàn Kiếm, Hà Nội",{},{},,,"2VJ3+8X Hoàn Kiếm, Hà Nội",0.0,21.030767,105.854963,2784769391262981963,,,https://lh3.googleusercontent.com/gps-cs-s/AC9h4nqz8e6s0FsP_eGYj6nidclULoj6W-FKs6IbgF3-JXoht1kwMeKuCBa2bViBYuELJdQf56atqpw1dVuXvOk9yio56E76xmEfQgY8WmoX70PI2bzNZzkcTMpapLsC94crKepa-t6n=w408-h306-k-no,Asia/Saigon,"{""id"":"""",""name"":""Saigon Commercial Bank (Chủ sở hữu)"",""link"":""""}"
https://www.google.com/maps/place/Ng%C3%A2n+H%C3%A0ng+B%E1%BA%AFc+%C3%81+-+Bac+A+Bank+@+Ph%C3%B2ng+Giao+D%E1%BB%8Bch+H%C3%A0ng+B%C3%B4ng/data=!4m7!3m6!1s0x3135ab96725c2ce7:0xc05cf947f1117c72!8m2!3d21!4d105!16s%2Fg%2F1pztwwbtv!19sChIJ5yxccparNTERcnwR8Uf5XMA?authuser=0&hl=vi&rclk=1,Ngân Hàng Bắc Á - Bac A Bank @ Phòng Giao Dịch Hàng Bông,Ngân hàng,"133 P. Hàng Bông, Hàng Bông, Hoàn Kiếm, Hà Nội",{},{},,024 3928 8826,"2RHW+Q7 Hoàn Kiếm, Hà Nội",4.0,21.029423,105.845691,13861227840521993330,,,,Asia/Saigon,"{""id"":"""",""name"":""Ngân Hàng Bắc Á - Bac A Bank @ Phòng Giao Dịch Hàng Bông (Chủ sở hữu)"",""link"":""""}"
https://www.google.com/maps/place/Woori+Bank+Vietnam+Hoan+Kiem+branch+-+Ng%C3%A2n+h%C3%A0ng+Woori+Vi%E1%BB%87t+Nam+%28%EC%9A%B0%EB%A6%AC%EC%9D%80%ED%96%89+%EB%B2%A0%ED%8A%B8%EB%82%A8%29/data=!4m7!3m6!1s0x3135ad720c60248f:0xe623de24a8f01d87!8m2!3d21!4d105!16s%2Fg%2F11frdgk2k6!19sChIJjyRgDHKtNTERhx3wqCTeI-Y?authuser=0&hl=vi&rclk=1,Woori Bank Vietnam Hoan Kiem branch - Ngân hàng Woori Việt Nam (우리은행 베트남),Ngân hàng,"toà nhà Asia Tower, 6 P. Nhà Thờ, Hàng Trống, Hoàn Kiếm, Hà Nội 10000","{""Chủ Nhật"":[""Đóng cửa""],""Thứ Ba"":[""08:30–12:00"",""13:00–16:30""],""Thứ Bảy"":[""Đóng cửa""],""Thứ Hai"":[""08:30–12:00"",""13:00–16:30""],""Thứ Năm"":[""08:30–12:00"",""13:00–16:30""],""Thứ Sáu"":[""08:30–12:00"",""13:00–16:30""],""Thứ Tư"":[""08:30–12:00"",""13:00–16:30""]}",{},https://www.woori.com.vn/vn/ib/main/IbMain.do,024 3204 5203,"2VH2+P4 Hoàn Kiếm, Hà Nội",4.8,21.029253,105.850268,16583342501942795655,Đã đóng cửa ⋅ Mở lúc 8:30 Th 2,,https://lh3.googleusercontent.com/p/AF1QipPiV_MlFO_ulrjy-AEh7-pb98o58FPpmTofFjpA=w426-h240-k-no,Asia/Saigon,"{""id"":""108418203402613852446"",""name"":""Woori Bank Vietnam Hoan Kiem branch - Ngân hàng Woori Việt Nam (우리은행 베트남) (Chủ sở hữu)"",""link"":""https://www.google.com/maps/contrib/108418203402613852446""}"
https://www.google.com/maps/place/PG+BANK/data=!4m7!3m6!1s0x3135ab0bca473575:0x793aaf643013ad0a!8m2!3d21!4d105!16s%2Fg%2F11f61snzyb!19sChIJdTVHygurNTERCq0TMGSvOnk?authuser=0&hl=vi&rclk=1,PG BANK,Ngân hàng,"2RMW+3FH PG BANK, Phố cổ Hà Nội, Hoàn Kiếm, Hà Nội",{},{},,,,3.0,21.032699,105.846243,8735487272076684554,,,https://lh3.googleusercontent.com/gps-cs-s/AC9h4nojSxepqiIK4oiqpr8uqt2__BwwEVU3X5Yvd8616YBCj5NLUqvJW46Upbgc3CEPlopp5Yln8BFjifduvFw_TzwVBEuFlET5esKLSgBGXMOwQUaI0Fj1ya0PZQyOGECWoH3oID4=w408-h544-k-no,Asia/Saigon,"{""id"":"""",""name"":""PG BANK (Chủ sở hữu)"",""link"":""""}"
https://www.google.com/maps/place/MB+Th%E1%BB%A5y+Khu%C3%AA/data=!4m7!3m6!1s0x3135ab08ea2d3fd9:0xcb80302a5137efa!8m2!3d21!4d105!16s%2Fg%2F11g6mdrmr4!19sChIJ2T8t6girNTER-n4TpQIDuAw?authuser=0&hl=vi&rclk=1,MB Thụy Khuê,Ngân hàng,"69B Đ. Thụy Khuê, Thuỵ Khuê, Tây Hồ, Hà Nội","{""Chủ Nhật"":[""Đóng cửa""],""Thứ Ba"":[""08:00–12:00"",""13:30–17:30""],""Thứ Bảy"":[""Đóng cửa""],""Thứ Hai"":[""08:00–12:00"",""13:30–17:30""],""Thứ Năm"":[""08:00–12:00"",""13:30–17:30""],""Thứ Sáu"":[""08:00–12:00"",""13:30–17:30""],""Thứ Tư"":[""08:00–12:00"",""13:30–17:30""]}","{""Friday"":{""10"":94,""11"":100,""12"":0,""13"":78,""14"":88,""15"":92,""16"":96,""17"":80,""18"":0,""19"":0,""20"":0,""21"":0,""22"":0,""23"":0,""6"":0,""7"":0,""8"":50,""9"":73},""Monday"":{""10"":73,""11"":69,""12"":0,""13"":55,""14"":59,""15"":65,""16"":69,""17"":71,""18"":0,""19"":0,""20"":0,""21"":0,""22"":0,""23"":0,""6"":0,""7"":0,""8"":44,""9"":61},""Saturday"":{},""Sunday"":{},""Thursday"":{""10"":65,""11"":65,""12"":0,""13"":59,""14"":69,""15"":88,""16"":90,""17"":86,""18"":0,""19"":0,""20"":0,""21"":0,""22"":0,""23"":0,""6"":0,""7"":0,""8"":32,""9"":53},""Tuesday"":{""10"":86,""11"":90,""12"":0,""13"":75,""14"":75,""15"":84,""16"":82,""17"":75,""18"":0,""19"":0,""20"":0,""21"":0,""22"":0,""23"":0,""6"":0,""7"":0,""8"":50,""9"":67},""Wednesday"":{""10"":65,""11"":71,""12"":0,""13"":65,""14"":80,""15"":90,""16"":90,""17"":76,""18"":0,""19"":0,""20"":0,""21"":0,""22"":0,""23"":0,""6"":0,""7"":0,""8"":40,""9"":57}}",https://www.mbbank.com.vn/,024 3728 2868,"2RRG+GH Tây Hồ, Hà Nội",4.4,21.041352,105.826484,916485834064232186,Đã đóng cửa ⋅ Mở lúc 8:00 Th 2,,https://lh3.googleusercontent.com/gps-cs-s/AC9h4np_idvxDigSJK4vWrLh1jqWpaW4SwysEN46OL6djJTyEQzOPtx2nMIIL8jLoskWzVkYnxbtasq7jxp2tzO3ILL4yiY4DutD06b_cOEsmDZYUCvPdvupYyJqQjSwyuGhkIKq1pE=w408-h474-k-no,Asia/Saigon,"{""id"":""102405038425329155851"",""name"":""MB Thụy Khuê (Chủ sở hữu)"",""link"":""https://www.google.com/maps/contrib/102405038425329155851""}"
https://www.google.com/maps/place/SeABank+PGD+Tr%E1%BA%A7n+Ph%C3%BA/data=!4m7!3m6!1s0x3135ab97cb3f3a95:0x6a5cc4e96461e512!8m2!3d21!4d105!16s%2Fg%2F1pp2tlccn!19sChIJlTo_y5erNTEREuVhZOnEXGo?authuser=0&hl=vi&rclk=1,SeABank PGD Trần Phú,Ngân hàng,"5 P. Trần Phú, p, Ba Đình, Hà Nội 100000","{""Chủ Nhật"":[""Đóng cửa""],""Thứ Ba"":[""08:00–17:00""],""Thứ Bảy"":[""Đóng cửa""],""Thứ Hai"":[""08:00–17:00""],""Thứ Năm"":[""08:00–17:00""],""Thứ Sáu"":[""08:00–17:00""],""Thứ Tư"":[""08:00–17:00""]}",{},https://www.seabank.com.vn/,024 3937 8017,"2RJV+2F Ba Đình, Hà Nội",3.5,21.030058,105.843705,7664217172568302866,Đã đóng cửa ⋅ Mở lúc 8:00 Th 2,,https://lh3.googleusercontent.com/gps-cs-s/AC9h4nq4W_tDzKA---5zDYtXNDHeyCt7jiB_pHEo3YICZss6x9B4JP0RK6cgQ9I3icXIn2jGNvofuJW4QKKQjqUiE0Ry2mKe-BW2DHeO2k0-2811-z60aCVk8zvYZ3apcpcGsyFAq0pzdw=w408-h544-k-no,Asia/Saigon,"{""id"":""104006985250479097291"",""name"":""SeABank PGD Trần Phú (Chủ sở hữu)"",""link"":""https://www.google.com/maps/contrib/104006985250479097291""}"
https://www.google.com/maps/place/VietBank/data=!4m7!3m6!1s0x3135ab9e980f7609:0x57c7d1d7eeb389d6!8m2!3d21!4d105!16s%2Fg%2F11tmfvgv58!19sChIJCXYPmJ6rNTER1omz7tfRx1c?authuser=0&hl=vi&rclk=1,VietBank,Ngân hàng,"279c P. Đội Cấn, Liễu Giai, Ba Đình, Hà Nội 100000",{},{},,,"2RPC+53 Ba Đình, Hà Nội",5.0,21.035396,105.820234,6325254927018068438,,,https://lh3.googleusercontent.com/gps-cs-s/AC9h4npXAWzy4c2_fga8FRA8zpnh7oCN1ca9JLvFpbzMi1mIQ2zjG5AfJB4CbuiEQ9lt2_oo9VAvdeTS1qpkZ0xrGLqJ85bZ6uDDL4dIut6_ofHjkl_BqXmupOMIxXSTT8trPsW71d6_=w408-h306-k-no,Asia/Saigon,"{""id"":"""",""name"":""VietBank (Chủ sở hữu)"",""link"":""""}"
https://www.google.com/maps/place/Pg+Bank/data=!4m7!3m6!1s0x3135abbf53e35bab:0x641d78728fb71613!8m2!3d21!4d105!16s%2Fg%2F11sf61k2k4!19sChIJq1vjU7-rNTERExa3j3J4HWQ?authuser=0&hl=vi&rclk=1,Pg Bank,Ngân hàng,"2VP2+9R8 Pg Bank, P. Hàng Buồm, Hàng Buồm, Hoàn Kiếm, Hà Nội","{""Chủ Nhật"":[""17:00–02:00""],""Thứ Ba"":[""17:00–02:00""],""Thứ Bảy"":[""17:00–02:00""],""Thứ Hai"":[""17:00–02:00""],""Thứ Năm"":[""17:00–02:00""],""Thứ Sáu"":[""17:00–02:00""],""Thứ Tư"":[""17:00–02:00""]}",{},,,,0.0,21.035905,105.852076,7214054611550148115,Đang mở cửa ⋅ Đóng cửa lúc 2:00,,https://lh3.googleusercontent.com/gps-cs-s/AC9h4npAljQmEvCU8Nukag6zaL8OD4C9Kc4m4DyFH_5KW4s3eWuPmrniURLCPlJrl-PGPjaet0ddo9kOl-2aEY6xVT7uChvPk-_BbuRb9MVDy_bvbnk1P8ztHBUeL_TxvuXVddAhyTxd=w408-h544-k-no,Asia/Saigon,"{""id"":"""",""name"":""Pg Bank (Chủ sở hữu)"",""link"":""""}"
https://www.google.com/maps/place/CIMB+Bank/data=!4m7!3m6!1s0x3135abedaa307265:0x6654a775c6f81e36!8m2!3d21!4d105!16s%2Fg%2F11g5zyhtf7!19sChIJZXIwqu2rNTERNh74xnWnVGY?authuser=0&hl=vi&rclk=1,CIMB Bank,Ngân hàng,"16 P. Phan Chu Trinh, Phan Chu Trinh, Hoàn Kiếm, Hà Nội","{""Chủ Nhật"":[""Đóng cửa""],""Thứ Ba"":[""08:30–17:00""],""Thứ Bảy"":[""Đóng cửa""],""Thứ Hai"":[""08:30–17:00""],""Thứ Năm"":[""08:30–17:00""],""Thứ Sáu"":[""08:30–17:00""],""Thứ Tư"":[""08:30–17:00""]}",{},https://www.cimbbank.com.vn/,024 3266 3388,"2VC4+F6 Hoàn Kiếm, Hà Nội",4.0,21.021148,105.855592,7373702614203506230,Đã đóng cửa ⋅ Mở lúc 8:30 Th 2,,https://lh3.googleusercontent.com/gps-cs-s/AC9h4nrHf8x2Y_M0pr6XZqWI0c4_36ZYaVuAaoLY4d5C6-spszPEfm0NAZsXlZdv5fy0DG7m8k4Fb8RHHKx99SI9nlNFg3ZaFygPcVNyyHm3nKWyVUbXQXeY5gABTsJjwjquDHkfxd9S=w408-h544-k-no,Asia/Saigon,"{""id"":"""",""name"":""CIMB Bank (Chủ sở hữu)"",""link"":""""}"
https://www.google.com/maps/place/bank/data=!4m7!3m6!1s0x3135ab001fc673c7:0x80b0f97ede9dce2c!8m2!3d21!4d105!16s%2Fg%2F11w4xxnsvr!19sChIJx3PGHwCrNTERLM6d3n75sIA?authuser=0&hl=vi&rclk=1,bank,Ngân hàng,"173 P. Hàng Bông, Hàng Bông, Hoàn Kiếm, Hà Nội 10000",{},{},,,"2RHW+H2 Hoàn Kiếm, Hà Nội",0.0,21.028919,105.845028,9273185956051930668,,,,Asia/Saigon,"{""id"":"""",""name"":""bank (Chủ sở hữu)"",""link"":""""}"
https://www.google.com/maps/place/Ng%C3%A2n+h%C3%A0ng+Qu%E1%BB%91c+T%E1%BA%BF+-+VIB+Th%E1%BB%A5y+Khu%C3%AA/data=!4m7!3m6!1s0x3135aba63c11cea3:0x4e949738ad143f93!8m2!3d21!4d105!16s%2Fg%2F11c5_r0rxj!19sChIJo84RPKarNTERkz8UrTiXlE4?authuser=0&hl=vi&rclk=1,Ngân hàng Quốc Tế - VIB Thụy Khuê,Ngân hàng,"20 Đ. Thụy Khuê, Thuỵ Khuê, Tây Hồ, Hà Nội","{""Chủ Nhật"":[""Đóng cửa""],""Thứ Ba"":[""08:00–12:00"",""13:00–17:00""],""Thứ Bảy"":[""08:00–12:00""],""Thứ Hai"":[""08:00–12:00"",""13:00–17:00""],""Thứ Năm"":[""08:00–12:00"",""13:00–17:00""],""Thứ Sáu"":[""08:00–12:00"",""13:00–17:00""],""Thứ Tư"":[""08:00–12:00"",""13:00–17:00""]}",{},https://www.vib.com.vn/,024 3728 1191,"2RRH+G9 Tây Hồ, Hà Nội",4.0,21.041343,105.828492,5662316901189304211,Đã đóng cửa ⋅ Mở lúc 8:00 Th 7,,https://lh3.googleusercontent.com/p/AF1QipP8XeYC2mo2qAWaest0ktXQ9JNuIka-bk9uhCA5=w408-h306-k-no,Asia/Saigon,"{""id"":""103120976536364084836"",""name"":""Ngân hàng Quốc Tế - VIB Thụy Khuê (Chủ sở hữu)"",""link"":""https://www.google.com/maps/contrib/103120976536364084836""}"
https://www.google.com/maps/place/Ng%C3%A2n+H%C3%A0ng+Tmcp+Ph%C6%B0%C6%A1ng+Nam+%28Southern+Bank%29/data=!4m7!3m6!1s0x3135abb06fc84ef1:0x6493d21b6dfcd1fb!8m2!3d21!4d105!16s%2Fg%2F1jkwfp5z7!19sChIJ8U7Ib7CrNTER-9H8bRvSk2Q?authuser=0&hl=vi&rclk=1,Ngân Hàng Tmcp Phương Nam (Southern Bank),Ngân hàng,"31 Cửa Bắc, Trúc Bạch, Ba Đình, Hà Nội",{},{},,024 3927 5759,"2RVV+F6 Ba Đình, Hà Nội",4.0,21.043702,105.843036,7247367240620495355,,,,Asia/Saigon,"{""id"":"""",""name"":""Ngân Hàng Tmcp Phương Nam (Southern Bank) (Chủ sở hữu)"",""link"":""""}"
https://www.google.com/maps/place/Ng%C3%A2n+H%C3%A0ng+Tmcp+Vi%E1%BB%87t+%C3%81+%28Vietabank%29+-+Pgd+Phan+%C4%90%C3%ACnh+Ph%C3%B9ng/data=!4m7!3m6!1s0x3135abbaf8c35725:0xb6c1637284695fdd!8m2!3d21!4d105!16s%2Fg%2F1tf7d46q!19sChIJJVfD-LqrNTER3V9phHJjwbY?authuser=0&hl=vi&rclk=1,Ngân Hàng Tmcp Việt Á (Vietabank) - Pgd Phan Đình Phùng,Ngân hàng,"39 P. Phan Đình Phùng, Quán Thánh, Ba Đình, Hà Nội 100000",{},{},,024 3734 3015,"2RRV+39 Ba Đình, Hà Nội",4.0,21.040214,105.843393,13168916128906960861,,,https://lh3.googleusercontent.com/gps-cs-s/AC9h4np-2bT-wAfsAdHkU1ClHJcVoTWZtqRsmd_duDUCJ5xEizgZYb67Fh8dimeKp3DYnPtQYkrWlG7LtWZsvRgyWGA53tuEX7ZyYKKtVHtceMccE7saHJnKY0k3S2uWUsk-wCOLZ0aZ=w408-h306-k-no,Asia/Saigon,"{""id"":"""",""name"":""Ngân Hàng Tmcp Việt Á (Vietabank) - Pgd Phan Đình Phùng (Chủ sở hữu)"",""link"":""""}"
https://www.google.com/maps/place/Viet+Bank/data=!4m7!3m6!1s0x3135abd7ce50d359:0xeaf6a4ca33345ea6!8m2!3d21!4d105!16s%2Fg%2F11n6zr9x49!19sChIJWdNQzterNTERpl40M8qk9uo?authuser=0&hl=vi&rclk=1,Viet Bank,Ngân hàng,"Ngõ 90 P. Hoàng Như Tiếp, Bồ Đề, Long Biên, Hà Nội",{},{},,,"2VRF+MM Long Biên, Hà Nội",0.0,21.041718,105.874143,16930901037495377574,,,,Asia/Saigon,"{""id"":"""",""name"":""Viet Bank (Chủ sở hữu)"",""link"":""""}"
https://www.google.com/maps/place/Ng%C3%A2n+H%C3%A0ng+Tmcp+D%E1%BA%A7u+Kh%C3%AD+To%C3%A0n+C%E1%BA%A7u+%28Gp+Bank%29+-+Cn+Ba+%C4%90%C3%ACnh/data=!4m7!3m6!1s0x3135ab72ff379acf:0x5f0d46945146ef2b!8m2!3d21!4d105!16s%2Fg%2F1pp2v30zh!19sChIJz5o3_3KrNTERK-9GUZRGDV8?authuser=0&hl=vi&rclk=1,Ngân Hàng Tmcp Dầu Khí Toàn Cầu (Gp Bank) - Cn Ba Đình,Ngân hàng,"273 P. Kim Mã, Giảng Võ, Ba Đình, Hà Nội",{},{},,024 3734 5345,"2RJC+85 Ba Đình, Hà Nội",5.0,21.030819,105.820376,6849208211133099819,,,https://lh3.googleusercontent.com/gps-cs-s/AC9h4npt9zIGz-UrL9uhjuCqsQ3YBk3yAtxd6OT6j8lAciry_GkABGRey2PMzaafSYeVeL7P_EHMr6CuXxH7UkZdzaAA0wfK0gr5_MNjOFFtDc8TzlGJG4XVP-6LFEvJNvPZF7naC2U=w426-h240-k-no,Asia/Saigon,"{""id"":"""",""name"":""Ngân Hàng Tmcp Dầu Khí Toàn Cầu (Gp Bank) - Cn Ba Đình (Chủ sở hữu)"",""link"":""""}"
https://www.google.com/maps/place/BIDV+Th%C3%A0nh+%C4%90%C3%B4+-+PGD+%C4%90%E1%BB%A9c+Giang/data=!4m7!3m6!1s0x3135a99a3c3e29f7:0x276ed70ac267cd01!8m2!3d21!4d105!16s%2Fg%2F11f2b3xvpx!19sChIJ9yk-PJqpNTERAc1nwgrXbic?authuser=0&hl=vi&rclk=1,BIDV Thành Đô - PGD Đức Giang,Ngân hàng,"122 Đ. Ngô Gia Tự, Việt Hưng, Long Biên, Hà Nội 100000","{""Chủ Nhật"":[""Đóng cửa""],""Thứ Ba"":[""08:00–11:30"",""13:00–16:30""],""Thứ Bảy"":[""Đóng cửa""],""Thứ Hai"":[""08:00–11:30"",""13:00–16:30""],""Thứ Năm"":[""08:00–11:30"",""13:00–16:30""],""Thứ Sáu"":[""08:00–11:30"",""13:00–16:30""],""Thứ Tư"":[""08:00–11:30"",""13:00–16:30""]}",{},,024 3652 4038,"3V6V+37 Long Biên, Hà Nội",3.5,21.060228,105.893237,2841444856128589057,Đã đóng cửa ⋅ Mở lúc 8:00 Th 2,,https://lh3.googleusercontent.com/gps-cs-s/AC9h4nq4L9UEXnEsreFEdzqK1U2B7GpG2_t64ZFxq26OswW0dTwsiyes2UA2EdeOH6xgV0xN7UJl5hsTqwVfNu_uHOfYbWlAPm5OfsTojtFQDF-gKsLTwl34CoA2iq8vfNYFFFcEIjY=w408-h724-k-no,Asia/Saigon,"{""id"":""104235694949667563097"",""name"":""BIDV Thành Đô - PGD Đức Giang (Chủ sở hữu)"",""link"":""https://www.google.com/maps/contrib/104235694949667563097""}"
https://www.google.com/maps/place/Ng%C3%A2n+H%C3%A0ng+Vietin+Bank+114/data=!4m7!3m6!1s0x3135a99f7578d84d:0x926a9169b2688bfb!8m2!3d21!4d105!16s%2Fg%2F11fsx1pf31!19sChIJTdh4dZ-pNTER-4tosmmRapI?authuser=0&hl=vi&rclk=1,Ngân Hàng Vietin Bank 114,Ngân hàng,"114, Long Biên, Hà Nội",{},{},,1900 558868,"3V2X+R5 Long Biên, Hà Nội",0.0,21.052091,105.897951,10550404960219597819,,,,Asia/Saigon,"{""id"":"""",""name"":""Ngân Hàng Vietin Bank 114 (Chủ sở hữu)"",""link"":""""}"
https://www.google.com/maps/place/Ng%C3%A2n+H%C3%A0ng+B%E1%BA%AFc+%C3%81+-+Bac+A+Bank+@+Ph%C3%B2ng+Giao+D%E1%BB%8Bch+L%C3%B2+%C4%90%C3%BAc/data=!4m7!3m6!1s0x3135ab92cac8cd4d:0x5936e2e3f7461548!8m2!3d21!4d105!16s%2Fg%2F1hd__fq61!19sChIJTc3IypKrNTERSBVG9-PiNlk?authuser=0&hl=vi&rclk=1,Ngân Hàng Bắc Á - Bac A Bank @ Phòng Giao Dịch Lò Đúc,Ngân hàng,"47 Trần Hưng Đạo, Hàng Bài, Hoàn Kiếm, Hà Nội",{},{},,024 3928 8826,"2VC2+8X Hoàn Kiếm, Hà Nội",4.2,21.02079,105.852405,6428574986851980616,,,https://lh3.googleusercontent.com/gps-cs-s/AC9h4nrhyYP_Hm6_WLrrRB4vnyVU8FvWfp4zPasD6Ih4Ul9aoTH077JfbHQEdRDuIrE8j3t-NlbJ0Zu1wWkJLVFmbtolPhFKmc_1faB9IXdIZr67x0OF7kGWISKYYbw_ZlmZQqHgx3iC=w408-h725-k-no,Asia/Saigon,"{""id"":"""",""name"":""Ngân Hàng Bắc Á - Bac A Bank @ Phòng Giao Dịch Lò Đúc (Chủ sở hữu)"",""link"":""""}"
https://www.google.com/maps/place/Vietnam+Joint+Stock+Commercial+Bank+For+Industry+And+Trade+%28VietinBank%29+-+Transaction+Office+No.8/data=!4m7!3m6!1s0x3135abc1c8314217:0x97241f2dd21036f9!8m2!3d21!4d105!16s%2Fg%2F11b6dh2xvz!19sChIJF0IxyMGrNTER-TYQ0i0fJJc?authuser=0&hl=vi&rclk=1,Vietnam Joint Stock Commercial Bank For Industry And Trade (VietinBank) - Transaction Office No.8,Ngân hàng,"12 P. Lò Sũ, Lý Thái Tổ, Hoàn Kiếm, Hà Nội 100000",{},{},,,"2VJ4+H6 Hoàn Kiếm, Hà Nội",5.0,21.031408,105.855523,10890864080546969337,,,https://lh3.googleusercontent.com/gps-cs-s/AC9h4nrXudtnqYngEboSb4rh1mP_LlXxnao9OXgLi3Fgd4Sar_vhWiFO7bJbrs7d4ynYWCNCSP6uWdoneEN_mZmY_nrUIyaP_dg4fCCZUm2pdY9EMhQepLykRiDU9fuH_YNLr7cRqEkn=w408-h272-k-no,Asia/Saigon,"{""id"":"""",""name"":""Vietnam Joint Stock Commercial Bank For Industry And Trade (VietinBank) - Transaction Office No.8 (Chủ sở hữu)"",""link"":""""}"
https://www.google.com/maps/place/Japan+Bank+for+International+Cooperation/data=!4m7!3m6!1s0x3135abeb8d32f453:0xf6506ac8da26c77a!8m2!3d21!4d105!16s%2Fg%2F1pzr7xsjs!19sChIJU_QyjeurNTERescm2shqUPY?authuser=0&hl=vi&rclk=1,Japan Bank for International Cooperation,Ngân hàng,"Tòa nhà Corner Stone Building, P. Phan Chu Trinh, Phan Chu Trinh, Hoàn Kiếm, Hà Nội","{""Chủ Nhật"":[""Đóng cửa""],""Thứ Ba"":[""Mở cửa cả ngày""],""Thứ Bảy"":[""Đóng cửa""],""Thứ Hai"":[""Mở cửa cả ngày""],""Thứ Năm"":[""Mở cửa cả ngày""],""Thứ Sáu"":[""Mở cửa cả ngày""],""Thứ Tư"":[""Mở cửa cả ngày""]}","{""Friday"":{""0"":26,""1"":28,""10"":86,""11"":73,""12"":63,""13"":42,""14"":55,""15"":34,""16"":36,""17"":28,""18"":39,""19"":39,""2"":36,""20"":47,""21"":28,""22"":23,""23"":23,""3"":42,""4"":34,""5"":21,""6"":23,""7"":26,""8"":44,""9"":65},""Monday"":{""0"":28,""1"":31,""10"":44,""11"":36,""12"":34,""13"":31,""14"":34,""15"":26,""16"":39,""17"":44,""18"":55,""19"":55,""2"":36,""20"":52,""21"":42,""22"":42,""23"":55,""3"":47,""4"":65,""5"":68,""6"":47,""7"":47,""8"":42,""9"":57},""Saturday"":{},""Sunday"":{},""Thursday"":{""0"":71,""1"":52,""10"":71,""11"":86,""12"":52,""13"":34,""14"":28,""15"":44,""16"":60,""17"":42,""18"":36,""19"":39,""2"":47,""20"":34,""21"":28,""22"":26,""23"":31,""3"":50,""4"":50,""5"":39,""6"":39,""7"":60,""8"":57,""9"":65},""Tuesday"":{""0"":55,""1"":68,""10"":55,""11"":44,""12"":50,""13"":36,""14"":34,""15"":34,""16"":44,""17"":50,""18"":28,""19"":23,""2"":68,""20"":23,""21"":23,""22"":21,""23"":28,""3"":89,""4"":73,""5"":73,""6"":68,""7"":68,""8"":52,""9"":57},""Wednesday"":{""0"":31,""1"":42,""10"":55,""11"":63,""12"":57,""13"":60,""14"":55,""15"":47,""16"":36,""17"":42,""18"":50,""19"":65,""2"":44,""20"":65,""21"":60,""22"":63,""23"":57,""3"":71,""4"":68,""5"":89,""6"":100,""7"":89,""8"":68,""9"":68}}",,024 3824 8934,"2VC3+GX Hoàn Kiếm, Hà Nội",0.0,21.021349,105.854952,17748803542353102714,Sắp đóng cửa ⋅ 0:00 ⋅ Mở lúc 0:00 Th 2,,,Asia/Saigon,"{""id"":"""",""name"":""Japan Bank for International Cooperation (Chủ sở hữu)"",""link"":""""}"
https://www.google.com/maps/place/Ng%C3%A2n+H%C3%A0ng+H%C3%A0ng+H%E1%BA%A3i+Vi%E1%BB%87t+Nam+Maritime+Bank+@+Ph%C3%B2ng+Giao+D%E1%BB%8Bch+Ho%C3%A0ng+Hoa+Th%C3%A1m/data=!4m7!3m6!1s0x3135ab19ca5aef19:0x7f74a2f163eff808!8m2!3d21!4d105!16s%2Fg%2F1pzsc1mpc!19sChIJGe9ayhmrNTERCPjvY_GidH8?authuser=0&hl=vi&rclk=1,Ngân Hàng Hàng Hải Việt Nam Maritime Bank @ Phòng Giao Dịch Hoàng Hoa Thám,Ngân hàng,"Đường Đ. Hoàng Hoa Thám, Vĩnh Phú, Ba Đình, Hà Nội",{},{},,024 3761 7684,"2RW5+RH Ba Đình, Hà Nội",4.0,21.047004,105.808945,9184144697762773000,,,https://lh3.googleusercontent.com/gps-cs-s/AC9h4nrDR2AiX1xqzvOzsAcz-h6sQwj70WssT0335dADrrAWWS9zfHsFWJPDPuv-_ASG4hJ-wyTCQKmn_hxYft1oE3l__Yw7OflNtjTFWjp-kVF4EkJmWf7ddndN_avkNw0y2D_APYxm=w408-h725-k-no,Asia/Saigon,"{""id"":"""",""name"":""Ngân Hàng Hàng Hải Việt Nam Maritime Bank @ Phòng Giao Dịch Hoàng Hoa Thám (Chủ sở hữu)"",""link"":""""}"
https://www.google.com/maps/place/Ng%C3%A2n+h%C3%A0ng+Li%C3%AAn+doanh+Vi%E1%BB%87t+-+Nga+-+H%E1%BB%99i+s%E1%BB%9F+ch%C3%ADnh/data=!4m7!3m6!1s0x3135ab90369abf31:0xf10ef6d6ea0411b5!8m2!3d21!4d105!16s%2Fg%2F11btmq33fg!19sChIJMb-aNpCrNTERtREE6tb2DvE?authuser=0&hl=vi&rclk=1,Ngân hàng Liên doanh Việt - Nga - Hội sở chính,Ngân hàng,"75 Trần Hưng Đạo, Hoàn Kiếm, Hà Nội","{""Chủ Nhật"":[""Đóng cửa""],""Thứ Ba"":[""08:00–11:30"",""13:00–17:00""],""Thứ Bảy"":[""Đóng cửa""],""Thứ Hai"":[""08:00–11:30"",""13:00–17:00""],""Thứ Năm"":[""08:00–11:30"",""13:00–17:00""],""Thứ Sáu"":[""08:00–11:30"",""13:00–17:00""],""Thứ Tư"":[""08:00–11:30"",""13:00–17:00""]}",{},,024 3942 6668,"2RCX+R5 Hoàn Kiếm, Hà Nội",4.0,21.022046,105.847981,17370092215724151221,Đã đóng cửa ⋅ Mở lúc 8:00 Th 2,,https://lh3.googleusercontent.com/gps-cs-s/AC9h4nrSrLIYpTQ6HPPOR-46B1aKSbrYyId6-3nPk0lyPxAQgdCZbnRVUYw5713RmM4RK_FuBiFkzSxFFwPYr2R1tje7v9Mpcn3otIf9nxYN54NsRdBBK-1EqxKSCPqeO1jaXtg-nRrY=w408-h544-k-no,Asia/Saigon,"{""id"":"""",""name"":""Ngân hàng Liên doanh Việt - Nga - Hội sở chính (Chủ sở hữu)"",""link"":""""}"
https://www.google.com/maps/place/Ng%C3%A2n+H%C3%A0ng+Tmcp+X%C4%83ng+D%E1%BA%A7u+Petrolimex+%28Pg+Bank%29+-+Pgd+Th%C4%83ng+Long/data=!4m7!3m6!1s0x3135a978c12d4ec1:0xcd81dfd3e4ae68!8m2!3d21!4d105!16s%2Fg%2F1tp2xvzj!19sChIJwU4twXipNTERaK7k09-BzQA?authuser=0&hl=vi&rclk=1,Ngân Hàng Tmcp Xăng Dầu Petrolimex (Pg Bank) - Pgd Thăng Long,Ngân hàng,"552 Đ. Nguyễn Văn Cừ, Ngọc Lâm, Long Biên, Hà Nội",{},{},,024 3872 7158,"2VXJ+CV Long Biên, Hà Nội",2.5,21.048567,105.882172,57845168558354024,,,https://lh3.googleusercontent.com/gps-cs-s/AC9h4npQHr8ymAe-VKjOgY893A0EcAIpkDnBdXj9Ri_u6FPLB_q2y5OqU7ZXRjhUvKLW3yO0_NVfhm_tJIpW5yu1hHnv-rTj-ybddFeBiUjhefwtrCCSZMPp7236TvNd3URNPxrduwe0=w408-h725-k-no,Asia/Saigon,"{""id"":"""",""name"":""Ngân Hàng Tmcp Xăng Dầu Petrolimex (Pg Bank) - Pgd Thăng Long (Chủ sở hữu)"",""link"":""""}"
https://www.google.com/maps/place/Bac+A+Bank@+Kim+Lien+Branch/data=!4m7!3m6!1s0x3135ab8782e08ee1:0xe942384450675c55!8m2!3d21!4d105!16s%2Fg%2F12lscdd_s!19sChIJ4Y7ggoerNTERVVxnUEQ4Quk?authuser=0&hl=vi&rclk=1,Bac A Bank@ Kim Lien Branch,Ngân hàng,"City, 9 P. Đào Duy Anh, Street, Đống Đa, Hà Nội","{""Chủ Nhật"":[""Đóng cửa""],""Thứ Ba"":[""08:00–04:00""],""Thứ Bảy"":[""08:00–12:00""],""Thứ Hai"":[""08:00–04:00""],""Thứ Năm"":[""08:00–04:00""],""Thứ Sáu"":[""08:00–04:00""],""Thứ Tư"":[""08:00–04:00""]}","{""Friday"":{""0"":61,""1"":22,""10"":66,""11"":33,""12"":16,""13"":33,""14"":50,""15"":61,""16"":44,""17"":27,""18"":33,""19"":33,""2"":16,""20"":38,""21"":44,""22"":61,""23"":66,""3"":16,""6"":0,""7"":0,""8"":66,""9"":77},""Monday"":{""0"":27,""1"":16,""10"":94,""11"":83,""12"":72,""13"":55,""14"":50,""15"":50,""16"":55,""17"":33,""18"":27,""19"":22,""2"":16,""20"":16,""21"":11,""22"":16,""23"":22,""3"":27,""6"":0,""7"":0,""8"":38,""9"":66},""Saturday"":{""10"":38,""11"":33,""12"":0,""13"":0,""14"":0,""15"":0,""16"":0,""17"":0,""18"":0,""19"":0,""20"":0,""21"":0,""22"":0,""23"":0,""6"":0,""7"":0,""8"":27,""9"":44},""Sunday"":{},""Thursday"":{""0"":22,""1"":22,""10"":72,""11"":94,""12"":88,""13"":72,""14"":38,""15"":38,""16"":33,""17"":50,""18"":44,""19"":61,""2"":38,""20"":44,""21"":44,""22"":33,""23"":16,""3"":38,""6"":0,""7"":0,""8"":22,""9"":44},""Tuesday"":{""0"":11,""1"":11,""10"":94,""11"":77,""12"":55,""13"":27,""14"":16,""15"":33,""16"":50,""17"":44,""18"":38,""19"":22,""2"":11,""20"":5,""21"":5,""22"":16,""23"":22,""3"":22,""6"":0,""7"":0,""8"":94,""9"":100},""Wednesday"":{""0"":16,""1"":27,""10"":77,""11"":44,""12"":22,""13"":27,""14"":33,""15"":55,""16"":77,""17"":77,""18"":50,""19"":27,""2"":38,""20"":5,""21"":0,""22"":11,""23"":22,""3"":38,""6"":0,""7"":0,""8"":50,""9"":88}}",http://www.baca-bank.vn/,024 6276 1526,"2R5Q+CG Đống Đa, Hà Nội",3.3,21.008502,105.838803,16808058625357995093,Đang mở cửa ⋅ Đóng cửa lúc 4:00,,https://lh3.googleusercontent.com/gps-cs-s/AC9h4nqUQ1GnDiwWiL8WRVo2BtFYyZTOSzU8mzTyXto08OlYuwfTvUAynMkB-1IkxM4zXEyIQMcVVkFHCrLy8brOy0nj20RFsYp2grnZvYXqTmaWX6KyD6X8OrWb0ljNptPGOpjNhYRNXw=w408-h306-k-no,Asia/Saigon,"{""id"":"""",""name"":""Bac A Bank@ Kim Lien Branch (Chủ sở hữu)"",""link"":""""}"
https://www.google.com/maps/place/Ng%C3%A2n+h%C3%A0ng+tr%C3%A1ch+nhi%E1%BB%87m+h%E1%BB%AFu+h%E1%BA%A1n+m%E1%BB%99t+th%C3%A0nh+vi%C3%AAn+Public+Vi%E1%BB%87tNam/data=!4m7!3m6!1s0x3135abea7137ad9d:0xe09b75a1f25cedcb!8m2!3d21!4d105!16s%2Fg%2F1tf3wvm3!19sChIJna03ceqrNTERy-1c8qF1m-A?authuser=0&hl=vi&rclk=1,Ngân hàng trách nhiệm hữu hạn một thành viên Public ViệtNam,Ngân hàng,"2 P. Ngô Quyền, Lý Thái Tổ, Hoàn Kiếm, Hà Nội","{""Chủ Nhật"":[""Đóng cửa""],""Thứ Ba"":[""08:00–16:30""],""Thứ Bảy"":[""Đóng cửa""],""Thứ Hai"":[""08:00–16:30""],""Thứ Năm"":[""08:00–16:30""],""Thứ Sáu"":[""08:00–16:30""],""Thứ Tư"":[""08:00–16:30""]}",{},,024 7308 5666,"2VH4+WH Hoàn Kiếm, Hà Nội",3.7,21.029868,105.856435,16184659024302370251,Đã đóng cửa ⋅ Mở lúc 8:00 Th 2,,https://lh3.googleusercontent.com/gps-cs-s/AC9h4no4Ej-XHCEieIJrwc3ijTeyRKSZZWsSCWpdrVw6rEh5C5dheVGMf8Qus9D5vkW0b4BDX8OxRQ6d8pT_xTisb4BpwjXXvw-10trPIqIAwZJEpfkW8yWgYpE1ozTt4WuMLUa7zsQM=w408-h544-k-no,Asia/Saigon,"{""id"":"""",""name"":""Ngân hàng trách nhiệm hữu hạn một thành viên Public ViệtNam (Chủ sở hữu)"",""link"":""""}"
https://www.google.com/maps/place/ATM+Dong+A+Bank-+C%C3%A2y+X%C4%83ng+Tr%E1%BA%A7n+H%C6%B0ng+%C4%90%E1%BA%A1o/data=!4m7!3m6!1s0x3135abedf01d537b:0xf41a5b90dd7a4249!8m2!3d21!4d105!16s%2Fg%2F1pzx5n4n7!19sChIJe1Md8O2rNTERSUJ63ZBbGvQ?authuser=0&hl=vi&rclk=1,ATM Dong A Bank- Cây Xăng Trần Hưng Đạo,Ngân hàng,"9, Phố Trần Hưng Đạo, Phường Phan Chu Trinh, Quận Hoàn Kiếm, Phan Chu Trinh, Hoàn Kiếm, Hà Nội",{},{},,1900 454464,"2V95+J7 Hoàn Kiếm, Hà Nội",2.8,21.019111,105.858141,17589471972398088777,,,,Asia/Saigon,"{""id"":"""",""name"":""ATM Dong A Bank- Cây Xăng Trần Hưng Đạo (Chủ sở hữu)"",""link"":""""}"
https://www.google.com/maps/place/L%C3%AA+V%C4%83n+H%C6%B0u+Viettin+Bank/data=!4m7!3m6!1s0x3135abf29b3b5f17:0x9de7471b6e5f8eea!8m2!3d21!4d105!16s%2Fg%2F11c5t16ql0!19sChIJF187m_KrNTER6o5fbhtH550?authuser=0&hl=vi&rclk=1,Lê Văn Hưu Viettin Bank,Ngân hàng,"03 P. Lê Văn Hưu, Phan Chu Trinh, Hai Bà Trưng, Hà Nội","{""Chủ Nhật"":[""Đóng cửa""],""Thứ Ba"":[""08:00–17:00""],""Thứ Bảy"":[""Đóng cửa""],""Thứ Hai"":[""08:00–17:00""],""Thứ Năm"":[""08:00–17:00""],""Thứ Sáu"":[""08:00–17:00""],""Thứ Tư"":[""08:00–17:00""]}",{},http://viettinbabk.com.vn/,,"2V93+6R Hai Bà Trưng, Hà Nội",1.7,21.018055,105.85462,11378141166716292842,Đã đóng cửa ⋅ Mở lúc 8:00 Th 2,,https://lh3.googleusercontent.com/gps-cs-s/AC9h4noDYZi2gvOlt2PCs8J-DmfssxVOfMT76amikl3kN0VrOn3Bs5UNGEiDy8ZII1lWwCfXJWyhfdeAc3DV3zUVAp53Jghr0q4HpIu4yi8jUeq-A_gYwD9QAql-xMS4rqCZaKyiCWma6iWspsw=w408-h544-k-no,Asia/Saigon,"{""id"":"""",""name"":""Lê Văn Hưu Viettin Bank (Chủ sở hữu)"",""link"":""""}"
https://www.google.com/maps/place/Ng%C3%A2n+H%C3%A0ng+MUFG+Bank/data=!4m7!3m6!1s0x3135ab90cd8ddf95:0x58198df2b7e90b84!8m2!3d21!4d105!16s%2Fg%2F1pzthwslw!19sChIJld-NzZCrNTERhAvpt_KNGVg?authuser=0&hl=vi&rclk=1,Ngân Hàng MUFG Bank,Ngân hàng,"29 P. Liễu Giai, Ngọc Khánh, Ba Đình, Hà Nội 100000","{""Chủ Nhật"":[""Đóng cửa""],""Thứ Ba"":[""08:30–16:00""],""Thứ Bảy"":[""Đóng cửa""],""Thứ Hai"":[""08:30–16:00""],""Thứ Năm"":[""08:30–16:00""],""Thứ Sáu"":[""08:30–16:00""],""Thứ Tư"":[""08:30–16:00""]}",{},https://www.bk.mufg.jp/global/globalnetwork/asiaoceania/hanoi.html,024 3946 0600,"2RJ7+RH Ba Đình, Hà Nội",5.0,21.032069,105.81397,6348261223362530180,Đã đóng cửa ⋅ Mở lúc 8:30 Th 2,,,Asia/Saigon,"{""id"":"""",""name"":""Ngân Hàng MUFG Bank (Chủ sở hữu)"",""link"":""""}"
https://www.google.com/maps/place/Woori+Bank+Vietnam+Lotte+Mall+branch+%28%EC%9A%B0%EB%A6%AC%EC%9D%80%ED%96%89+%EB%A1%AF%EB%8D%B0%EB%AA%B0+%EC%A7%80%EC%A0%90%29/data=!4m7!3m6!1s0x3135ab03b747afbb:0x597780b39eba3a7e!8m2!3d21!4d105!16s%2Fg%2F11w1qg7h1h!19sChIJu69HtwOrNTERfjq6nrOAd1k?authuser=0&hl=vi&rclk=1,Woori Bank Vietnam Lotte Mall branch (우리은행 롯데몰 지점),Ngân hàng,"Lotte Mall, 272 Đ. Võ Chí Công, Phú Thượng, Tây Hồ, Hà Nội 10000","{""Chủ Nhật"":[""Đóng cửa""],""Thứ Ba"":[""08:30–16:30""],""Thứ Bảy"":[""Đóng cửa""],""Thứ Hai"":[""08:30–16:30""],""Thứ Năm"":[""08:30–16:30""],""Thứ Sáu"":[""08:30–16:30""],""Thứ Tư"":[""08:30–16:30""]}",{},https://www.woori.com.vn/vn/ib/main/IbMain.do,,"3RG7+QC Tây Hồ, Hà Nội",5.0,21.076909,105.81354,6446762900554660478,Đã đóng cửa ⋅ Mở lúc 8:30 Th 2,,https://lh3.googleusercontent.com/gps-cs-s/AC9h4nofnzpjwfyHNT9KWW2PrdatY_ArbypbHzC4IP_BqrbPnucvTkgPGMrBFfX0Ux7iUJBIVovqxDZyctdHAcAJ2Nk3pqwb5SP8o9aW6wy1Cr8ggkHSSVYJGfa-zD_tr4Qf_dj5wSoiUA=w408-h306-k-no,Asia/Saigon,"{""id"":""112764912381938677078"",""name"":""Woori Bank Vietnam Lotte Mall branch (우리은행 롯데몰 지점) (Chủ sở hữu)"",""link"":""https://www.google.com/maps/contrib/112764912381938677078""}"
https://www.google.com/maps/place/Vietnam+Technological+And+Commercial+Joint+Stock+Bank/data=!4m7!3m6!1s0x3135ab8ba84093e9:0x55066626881fa14e!8m2!3d21!4d105!16s%2Fg%2F11fy1tb6gy!19sChIJ6ZNAqIurNTERTqEfiCZmBlU?authuser=0&hl=vi&rclk=1,Vietnam Technological And Commercial Joint Stock Bank,Ngân hàng,"191 P. Bà Triệu, Lê Đại Hành, Hoàn Kiếm, Hà Nội",{},{},,,,0.0,21.011068,105.849483,6126696658762703182,,,,Asia/Saigon,"{""id"":"""",""name"":""Vietnam Technological And Commercial Joint Stock Bank (Chủ sở hữu)"",""link"":""""}"
https://www.google.com/maps/place/Ph%C3%B2ng+Giao+D%E1%BB%8Bch+Ng%C3%A2n+H%C3%A0ng+B%E1%BA%AFc+%C3%81+-+Bac+A+Bank+@+Ph%C3%B2ng+Giao+D%E1%BB%8Bch+Ph%E1%BB%91+Hu%E1%BA%BF/data=!4m7!3m6!1s0x3135ab8d43a664d5:0x8f13b975945beaa6!8m2!3d21!4d105!16s%2Fg%2F1pzpyvyz4!19sChIJ1WSmQ42rNTERpupblHW5E48?authuser=0&hl=vi&rclk=1,Phòng Giao Dịch Ngân Hàng Bắc Á - Bac A Bank @ Phòng Giao Dịch Phố Huế,Ngân hàng,"52 P. Huế, Nguyễn Du, Hai Bà Trưng, Hà Nội",{},{},,024 3944 8131,"2V92+6G Hai Bà Trưng, Hà Nội",0.0,21.018017,105.851283,10309787886632561318,,,https://lh3.googleusercontent.com/gps-cs-s/AC9h4no-lBrtxraK0Y9epwa006y4S5tSJnILm-ijNXZ1_VqpSlno6gcDYU4-DTjwyJ-PFKEKQPpFcVp6uInNZV86x_bBYEVs8QC1HVzl6boReUKnBU2W3kX0AALMNpyA0VkXqs3Hr8wAFg=w408-h544-k-no,Asia/Saigon,"{""id"":"""",""name"":""Phòng Giao Dịch Ngân Hàng Bắc Á - Bac A Bank @ Phòng Giao Dịch Phố Huế (Chủ sở hữu)"",""link"":""""}"
https://www.google.com/maps/place/Co-Op+Bank/data=!4m7!3m6!1s0x3135a96252ffe105:0x187a2334fb6109f9!8m2!3d21!4d105!16s%2Fg%2F11mckph7fm!19sChIJBeH_UmKpNTER-Qlh-zQjehg?authuser=0&hl=vi&rclk=1,Co-Op Bank,Ngân hàng,"110 P. Hồng Tiến, Bồ Đề, Long Biên, Hà Nội",{},{},,,"2VPH+CG Long Biên, Hà Nội",0.0,21.036092,105.878762,1763760914531682809,,,,Asia/Saigon,"{""id"":"""",""name"":""Co-Op Bank (Chủ sở hữu)"",""link"":""""}"
https://www.google.com/maps/place/Se+A+Bank/data=!4m7!3m6!1s0x3135a911c435487f:0x86aadbd172677931!8m2!3d21!4d105!16s%2Fg%2F11y36mkd9t!19sChIJf0g1xBGpNTERMXlnctHbqoY?authuser=0&hl=vi&rclk=1,Se A Bank,Ngân hàng,"Phúc Đồng, Long Biên, Hà Nội",{},{},,,"2WP4+8X Long Biên, Hà Nội",0.0,21.035801,105.907385,9703810039737186609,,,,Asia/Saigon,"{""id"":"""",""name"":""Se A Bank (Chủ sở hữu)"",""link"":""""}"
https://www.google.com/maps/place/GP.Bank+Ha%CC%80+Tha%CC%80nh/data=!4m7!3m6!1s0x3135ab93565a59b3:0xb9582ed5ae8da071!8m2!3d21!4d105!16s%2Fg%2F1hc6996hk!19sChIJs1laVpOrNTERcaCNrtUuWLk?authuser=0&hl=vi&rclk=1,GP.Bank Hà Thành,Ngân hàng,"19 P. Bà Triệu, Tràng Tiền, Hoàn Kiếm, Hà Nội 100000",{},{},,024 3938 8970,"2VF2+WM Hoàn Kiếm, Hà Nội",5.0,21.024826,105.851632,13355476190258634865,,,https://lh3.googleusercontent.com/gps-cs-s/AC9h4nryCFTRPkN0xaQLC-Fj7Q0F6K3aY8M5rsiAJaHWbzxVM9Mub73nm34ZPPdNojtrYFj5WvgIkwRZIXLmcTHtdbe9Sc1ubJFf8BrG2uESqzc7WP6MbNa-yqnk_yPSKKcHKHXwZ2Su=w408-h306-k-no,Asia/Saigon,"{""id"":"""",""name"":""GP.Bank Hà Thành (Chủ sở hữu)"",""link"":""""}"
https://www.google.com/maps/place/Ng%C3%A2n+H%C3%A0ng+Tmcp+H%E1%BB%A3p+T%C3%A1c+X%C3%A3+Vi%E1%BB%87t+Nam+%28Co.Op+Bank%29/data=!4m7!3m6!1s0x3135ab7ecee0cbe5:0xc9eb75aca1ab8b85!8m2!3d21!4d105!16s%2Fg%2F11bccm5gym!19sChIJ5cvgzn6rNTERhYuroax168k?authuser=0&hl=vi&rclk=1,Ngân Hàng Tmcp Hợp Tác Xã Việt Nam (Co.Op Bank),Ngân hàng,"57 P. Võ Văn Dũng, Chợ Dừa, Đống Đa, Hà Nội","{""Chủ Nhật"":[""Đóng cửa""],""Thứ Ba"":[""Mở cửa cả ngày""],""Thứ Bảy"":[""Đóng cửa""],""Thứ Hai"":[""Mở cửa cả ngày""],""Thứ Năm"":[""Mở cửa cả ngày""],""Thứ Sáu"":[""Mở cửa cả ngày""],""Thứ Tư"":[""Mở cửa cả ngày""]}","{""Friday"":{""0"":26,""1"":15,""10"":52,""11"":47,""12"":57,""13"":47,""14"":42,""15"":31,""16"":36,""17"":47,""18"":63,""19"":31,""2"":26,""20"":26,""21"":36,""22"":42,""23"":42,""3"":26,""4"":36,""5"":15,""6"":15,""7"":42,""8"":57,""9"":63},""Monday"":{""0"":26,""1"":31,""10"":47,""11"":42,""12"":31,""13"":36,""14"":36,""15"":52,""16"":52,""17"":42,""18"":21,""19"":31,""2"":42,""20"":31,""21"":36,""22"":31,""23"":31,""3"":57,""4"":52,""5"":47,""6"":31,""7"":26,""8"":31,""9"":52},""Saturday"":{},""Sunday"":{},""Thursday"":{""0"":52,""1"":52,""10"":68,""11"":63,""12"":47,""13"":42,""14"":36,""15"":26,""16"":36,""17"":36,""18"":42,""19"":47,""2"":68,""20"":63,""21"":68,""22"":57,""23"":42,""3"":47,""4"":21,""5"":5,""6"":10,""7"":15,""8"":42,""9"":63},""Tuesday"":{""0"":31,""1"":31,""10"":36,""11"":36,""12"":42,""13"":47,""14"":57,""15"":57,""16"":57,""17"":42,""18"":63,""19"":52,""2"":31,""20"":36,""21"":26,""22"":21,""23"":21,""3"":42,""4"":52,""5"":52,""6"":47,""7"":36,""8"":36,""9"":36},""Wednesday"":{""0"":31,""1"":52,""10"":89,""11"":100,""12"":89,""13"":73,""14"":78,""15"":68,""16"":78,""17"":73,""18"":73,""19"":63,""2"":47,""20"":68,""21"":52,""22"":42,""23"":31,""3"":57,""4"":42,""5"":42,""6"":31,""7"":52,""8"":63,""9"":78}}",,024 3974 8613,"2R8G+52 Đống Đa, Hà Nội",5.0,21.015385,105.825121,14549852405457718149,Sắp đóng cửa ⋅ 0:00 ⋅ Mở lúc 0:00 Th 2,,https://lh3.googleusercontent.com/gps-cs-s/AC9h4nr7pfVZp18OH7NTZ-q-d90X793i1FVhF8DwBinl5AY2nR9_-cUALQdx7crHABfLhYJzmYLtBR5DNMwdynv9YA4YOxG8xos_Ye0WKlN2rs78kLAI8rFGCQ-Y9mVPWKOlwxKowBHu=w426-h240-k-no,Asia/Saigon,"{""id"":"""",""name"":""Ngân Hàng Tmcp Hợp Tác Xã Việt Nam (Co.Op Bank) (Chủ sở hữu)"",""link"":""""}"
https://www.google.com/maps/place/Joint+Stock+Commercial+Bank+For+Foreign+Trade+Of+Vietnam/data=!4m7!3m6!1s0x3135ab8a667ed077:0x47dec8e8b624f60a!8m2!3d21!4d105!16s%2Fg%2F11h0vtcwhb!19sChIJd9B-ZoqrNTERCvYktujI3kc?authuser=0&hl=vi&rclk=1,Joint Stock Commercial Bank For Foreign Trade Of Vietnam,Ngân hàng,"344 P. Bà Triệu, Lê Đại Hành, Hoàn Kiếm, Hà Nội",{},{},,,"2R5X+GH Hoàn Kiếm, Hà Nội",0.0,21.008845,105.848896,5178797523336492554,,,,Asia/Saigon,"{""id"":"""",""name"":""Joint Stock Commercial Bank For Foreign Trade Of Vietnam (Chủ sở hữu)"",""link"":""""}"
https://www.google.com/maps/place/Ng%C3%A2n+H%C3%A0ng+H%C3%A0ng+H%E1%BA%A3i+Vi%E1%BB%87t+Nam+Maritime+Bank+-+S%E1%BB%9F+Giao+D%E1%BB%8Bch/data=!4m7!3m6!1s0x3135abbf23e4ea17:0x6b2a3e9a5963d3dc!8m2!3d21!4d105!16s%2Fg%2F11nrd6vwcc!19sChIJF-rkI7-rNTER3NNjWZo-Kms?authuser=0&hl=vi&rclk=1,Ngân Hàng Hàng Hải Việt Nam Maritime Bank - Sở Giao Dịch,Ngân hàng tiết kiệm,"115 Trần Hưng Đạo, Cửa Nam, Hoàn Kiếm, Hà Nội",{},{},,,"2RPX+4X Hoàn Kiếm, Hà Nội",0.0,21.03535,105.84994,7722053343725736924,,,https://lh3.googleusercontent.com/gps-cs-s/AC9h4nrNLZdctSWOPfkU4BuL8_GHIWmbOE-v0yivEFecbhQ41eMIqkDhSmwpiCGMpdk0R4Kc6ErQ7ovfqPGihsQ6bNU4QToqF2HNnRxQVE1y8301i6BGMlRevBn02RYFc3wTLCEct-Ub3w=w408-h306-k-no,Asia/Saigon,"{""id"":"""",""name"":""Ngân Hàng Hàng Hải Việt Nam Maritime Bank - Sở Giao Dịch (Chủ sở hữu)"",""link"":""""}"
https://www.google.com/maps/place/Hd+Bank/data=!4m7!3m6!1s0x3135aa542581b987:0xa1715babd5ba5dd7!8m2!3d21!4d105!16s%2Fg%2F11jwsj7b8c!19sChIJh7mBJVSqNTER11261atbcaE?authuser=0&hl=vi&rclk=1,Hd Bank,Ngân hàng,"Quảng An, Tây Hồ, Hà Nội",{},{},,,"3R6M+83 Tây Hồ, Hà Nội",0.0,21.060766,105.832714,11633180106057997783,,,,Asia/Saigon,"{""id"":"""",""name"":""Hd Bank (Chủ sở hữu)"",""link"":""""}"
https://www.google.com/maps/place/BAC+A+BANK+Tr%E1%BA%A7n+%C4%90i%E1%BB%81n/data=!4m7!3m6!1s0x3135ac617888c7cf:0xd1f9df7474647a6a!8m2!3d20!4d105!16s%2Fg%2F1hd_x1zxs!19sChIJz8eIeGGsNTERanpkdHTf-dE?authuser=0&hl=vi&rclk=1,BAC A BANK Trần Điền,Ngân hàng,"Đường P. Trần Điền, Định Công, Hoàng Mai, Hà Nội",{},{},,024 3640 0445,"XRRJ+GM Hoàng Mai, Hà Nội",3.4,20.991253,105.831647,15130370114389834346,,,https://lh3.googleusercontent.com/gps-cs-s/AC9h4nreM09SJhT8av2yfcjmKCTww3tPORsT-e3EvSNfv_4XwKf2f9unIMikUz9ZRM6HhSoq2y2hjZ8wMYD0WsxzkQHMcxwwgj1nTAHKv1ovNEiyIYoBJeFDWcxHwUY8zy3geVym39M4=w408-h726-k-no,Asia/Saigon,"{""id"":"""",""name"":""BAC A BANK Trần Điền (Chủ sở hữu)"",""link"":""""}"
https://www.google.com/maps/place/Ng%C3%A2n+h%C3%A0ng+Qu%E1%BB%91c+T%E1%BA%BF+-+VIB+Long+Bi%C3%AAn/data=!4m7!3m6!1s0x3135abd612425631:0x7b92ce0be05ef817!8m2!3d21!4d105!16s%2Fg%2F11c5_rp2dw!19sChIJMVZCEtarNTERF_he4AvOkns?authuser=0&hl=vi&rclk=1,Ngân hàng Quốc Tế - VIB Long Biên,Ngân hàng,"296 Đ. Nguyễn Văn Cừ, Ngọc Lâm, Long Biên, Hà Nội","{""Chủ Nhật"":[""Đóng cửa""],""Thứ Ba"":[""08:00–12:00"",""13:00–17:00""],""Thứ Bảy"":[""08:00–12:00""],""Thứ Hai"":[""08:00–12:00"",""13:00–17:00""],""Thứ Năm"":[""08:00–12:00"",""13:00–17:00""],""Thứ Sáu"":[""08:00–12:00"",""13:00–17:00""],""Thứ Tư"":[""08:00–12:00"",""13:00–17:00""]}","{""Friday"":{""10"":70,""11"":61,""12"":0,""13"":60,""14"":78,""15"":72,""16"":63,""17"":0,""18"":0,""19"":0,""20"":0,""21"":0,""22"":0,""23"":0,""6"":0,""7"":0,""8"":43,""9"":60},""Monday"":{""10"":61,""11"":50,""12"":0,""13"":52,""14"":65,""15"":67,""16"":56,""17"":0,""18"":0,""19"":0,""20"":0,""21"":0,""22"":0,""23"":0,""6"":0,""7"":0,""8"":54,""9"":63},""Saturday"":{""10"":50,""11"":34,""12"":0,""13"":0,""14"":0,""15"":0,""16"":0,""17"":0,""18"":0,""19"":0,""20"":0,""21"":0,""22"":0,""23"":0,""6"":0,""7"":0,""8"":61,""9"":58},""Sunday"":{},""Thursday"":{""10"":74,""11"":61,""12"":0,""13"":49,""14"":65,""15"":78,""16"":74,""17"":0,""18"":0,""19"":0,""20"":0,""21"":0,""22"":0,""23"":0,""6"":0,""7"":0,""8"":50,""9"":65},""Tuesday"":{""10"":100,""11"":81,""12"":0,""13"":67,""14"":83,""15"":98,""16"":81,""17"":0,""18"":0,""19"":0,""20"":0,""21"":0,""22"":0,""23"":0,""6"":0,""7"":0,""8"":67,""9"":98},""Wednesday"":{""10"":56,""11"":47,""12"":0,""13"":58,""14"":72,""15"":72,""16"":58,""17"":0,""18"":0,""19"":0,""20"":0,""21"":0,""22"":0,""23"":0,""6"":0,""7"":0,""8"":50,""9"":61}}",https://www.vib.com.vn/,024 7300 2363,"2VVF+XR Long Biên, Hà Nội",3.6,21.044892,105.874525,8904405963669174295,Đã đóng cửa ⋅ Mở lúc 8:00 Th 7,,https://lh3.googleusercontent.com/p/AF1QipNlWf1JQKTUsq3t2Pw_c_jOZkLoA5X64JweVLaJ=w408-h321-k-no,Asia/Saigon,"{""id"":""110875729196846189775"",""name"":""Ngân hàng Quốc Tế - VIB Long Biên (Chủ sở hữu)"",""link"":""https://www.google.com/maps/contrib/110875729196846189775""}"
https://www.google.com/maps/place/Onebank+Nam+A+Bank/data=!4m7!3m6!1s0x3135abf2e64728e7:0x9ddcbed178cc2228!8m2!3d21!4d105!16s%2Fg%2F11vdk8v0yl!19sChIJ5yhH5vKrNTERKCLMeNG-3J0?authuser=0&hl=vi&rclk=1,Onebank Nam A Bank,Ngân hàng,"31E P. Thi Sách, Tổ dân phố 6B, Hai Bà Trưng, Hà Nội",{},{},,,"2V83+HP Hai Bà Trưng, Hà Nội",0.0,21.016423,105.854329,11375176565715116584,,,,Asia/Saigon,"{""id"":"""",""name"":""Onebank Nam A Bank (Chủ sở hữu)"",""link"":""""}"
https://www.google.com/maps/place/HD+Bank/data=!4m7!3m6!1s0x3135ab6d9d3297b1:0xbf17616f7027ce88!8m2!3d21!4d105!16s%2Fg%2F11ckv9_ryn!19sChIJsZcynW2rNTERiM4ncG9hF78?authuser=0&hl=vi&rclk=1,HD Bank,Ngân hàng tiết kiệm,"304 P. Kim Mã, Ngọc Khánh, Ba Đình, Hà Nội",{},{},,,"2RJ8+GG Ba Đình, Hà Nội",3.1,21.031323,105.816262,13769581516959501960,,,https://lh3.googleusercontent.com/gps-cs-s/AC9h4npwqsr5ghqeglqc_pDKz7j_N_ykq3QHnz_EPyqTWGJWz89pIKmraKXUYAsSEb-NJLCK25JCwc4AKrZXcb-nJu-oByVbEN23Wa4cEXfJTueTHs02eGdYLLVIbxCJbteOcQBzszEq=w408-h544-k-no,Asia/Saigon,"{""id"":"""",""name"":""HD Bank (Chủ sở hữu)"",""link"":""""}"
"https://www.google.com/maps/place/Ng%C3%A2n+h%C3%A0ng+Shinhan,+Chi+nh%C3%A1nh+Ho%C3%A0n+Ki%E1%BA%BFm/data=!4m7!3m6!1s0x3135abea607f01c1:0x7bbf4b31b742875d!8m2!3d21!4d105!16s%2Fg%2F11cs180pnh!19sChIJwQF_YOqrNTERXYdCtzFLv3s?authuser=0&hl=vi&rclk=1","Ngân hàng Shinhan, Chi nhánh Hoàn Kiếm",Ngân hàng,"A2 Tầng 1, Tòa nhà Leadvisors Place, 41A P. Lý Thái Tổ, Lý Thái Tổ, Hoàn Kiếm, Hà Nội","{""Chủ Nhật"":[""Đóng cửa""],""Thứ Ba"":[""08:30–16:30""],""Thứ Bảy"":[""Đóng cửa""],""Thứ Hai"":[""08:30–16:30""],""Thứ Năm"":[""08:30–16:30""],""Thứ Sáu"":[""08:30–16:30""],""Thứ Tư"":[""08:30–16:30""]}","{""Friday"":{""10"":100,""11"":94,""12"":80,""13"":75,""14"":82,""15"":81,""16"":60,""17"":0,""18"":0,""19"":0,""20"":0,""21"":0,""22"":0,""23"":0,""6"":0,""7"":0,""8"":56,""9"":87},""Monday"":{""10"":71,""11"":74,""12"":69,""13"":78,""14"":87,""15"":82,""16"":59,""17"":0,""18"":0,""19"":0,""20"":0,""21"":0,""22"":0,""23"":0,""6"":0,""7"":0,""8"":28,""9"":53},""Saturday"":{},""Sunday"":{},""Thursday"":{""10"":82,""11"":83,""12"":74,""13"":78,""14"":83,""15"":73,""16"":45,""17"":0,""18"":0,""19"":0,""20"":0,""21"":0,""22"":0,""23"":0,""6"":0,""7"":0,""8"":49,""9"":73},""Tuesday"":{""10"":82,""11"":82,""12"":79,""13"":86,""14"":89,""15"":80,""16"":56,""17"":0,""18"":0,""19"":0,""20"":0,""21"":0,""22"":0,""23"":0,""6"":0,""7"":0,""8"":47,""9"":69},""Wednesday"":{""10"":76,""11"":71,""12"":63,""13"":67,""14"":78,""15"":71,""16"":51,""17"":0,""18"":0,""19"":0,""20"":0,""21"":0,""22"":0,""23"":0,""6"":0,""7"":0,""8"":43,""9"":68}}",http://www.shinhan.com.vn/,024 3266 3365,"2VH4+G7 Hoàn Kiếm, Hà Nội",4.0,21.028764,105.855659,8916928464116942685,Đã đóng cửa ⋅ Mở lúc 8:30 Th 2,,https://lh3.googleusercontent.com/gps-cs-s/AC9h4nqDN5OYEtbm81KIWrLY9L8KJzJjkUcRdtzyXyYcr7c6uqAmKga5gThvrkrMt4j1ih07YaaE-3Eseq1haVnEYTwQSsOOB8Jy7Prs9W9_s88Pjpx67BRVeolCVSshZ5BsWkv7DoE-=w427-h240-k-no,Asia/Saigon,"{""id"":""106103752822001781198"",""name"":""Ngân hàng Shinhan, Chi nhánh Hoàn Kiếm (Chủ sở hữu)"",""link"":""https://www.google.com/maps/contrib/106103752822001781198""}"
https://www.google.com/maps/place/Cathay+United+Bank+-+Hanoi+Representative+Office/data=!4m7!3m6!1s0x3135ab128282aae5:0xf879462859326a92!8m2!3d21!4d105!16s%2Fg%2F11l66z966s!19sChIJ5aqCghKrNTERkmoyWShGefg?authuser=0&hl=vi&rclk=1,Cathay United Bank - Hanoi Representative Office,Ngân hàng,"Tháp Hà Nội, 49 P. Hai Bà Trưng, Trần Hưng Đạo, Hoàn Kiếm, Hà Nội",{},{},https://www.cathaybk.com.tw/vn/hanoi/vi-vn/,024 3936 6566,"2RGW+7F Hoàn Kiếm, Hà Nội",4.2,21.025703,105.846185,17904418932697229970,,,https://lh3.googleusercontent.com/p/AF1QipM2S92ExI1aaifyh4sMpBJdhncjZ2gThD-7Z32c=w426-h240-k-no,Asia/Saigon,"{""id"":""105968116810768382598"",""name"":""Cathay United Bank - Hanoi Representative Office (Chủ sở hữu)"",""link"":""https://www.google.com/maps/contrib/105968116810768382598""}"
https://www.google.com/maps/place/Malayan+Banking+Berhad+%28Maybank%29/data=!4m7!3m6!1s0x3135abedabfe3a39:0x46f03553a69f2dae!8m2!3d21!4d105!16s%2Fg%2F11btrrv95w!19sChIJOTr-q-2rNTERri2fplM18EY?authuser=0&hl=vi&rclk=1,Malayan Banking Berhad (Maybank),Ngân hàng,"16 P. Phan Chu Trinh, Phan Chu Trinh, Hoàn Kiếm, Hà Nội","{""Chủ Nhật"":[""Đóng cửa""],""Thứ Ba"":[""08:30–15:30""],""Thứ Bảy"":[""Đóng cửa""],""Thứ Hai"":[""08:30–15:30""],""Thứ Năm"":[""08:30–15:30""],""Thứ Sáu"":[""08:30–15:30""],""Thứ Tư"":[""08:30–15:30""]}",{},,,"2VC4+C7 Hoàn Kiếm, Hà Nội",4.1,21.021109,105.855721,5111644210459520430,Đã đóng cửa ⋅ Mở lúc 8:30 Th 2,,https://lh3.googleusercontent.com/gps-cs-s/AC9h4npBplIJSCqWbUW4heFKkEXQXsXfYwknW5K4VYnNcitTm503ZGc_6PE0VjmzxGQQPTROfFx-ws5MD-2F13aJA5m00p5aAKxCdNj59CQuQJYaJq3HenixgxrsPWMAQ5kCja1b4aWJ=w408-h544-k-no,Asia/Saigon,"{""id"":"""",""name"":""Malayan Banking Berhad (Maybank) (Chủ sở hữu)"",""link"":""""}"
https://www.google.com/maps/place/BAOVIET+Bank/data=!4m7!3m6!1s0x3135abbdc499bd09:0x89ca51305de0f6c4!8m2!3d21!4d105!16s%2Fg%2F11v13wbmbh!19sChIJCb2ZxL2rNTERxPbgXTBRyok?authuser=0&hl=vi&rclk=1,BAOVIET Bank,Ngân hàng,"07 P. Lý Thường Kiệt, Phan Chu Trinh, Hoàn Kiếm, Hà Nội","{""Chủ Nhật"":[""Đóng cửa""],""Thứ Ba"":[""08:00–16:00""],""Thứ Bảy"":[""08:00–12:00""],""Thứ Hai"":[""08:00–16:00""],""Thứ Năm"":[""08:00–16:00""],""Thứ Sáu"":[""08:00–16:00""],""Thứ Tư"":[""08:00–16:00""]}",{},https://www.baovietbank.vn/,024 3732 6506,"2VC4+FH Hoàn Kiếm, Hà Nội",3.0,21.021133,105.856413,9928837596666984132,Đã đóng cửa ⋅ Mở lúc 8:00 Th 7,,https://lh3.googleusercontent.com/gps-cs-s/AC9h4npyXR3wRWRWI6FY4UL2JkdXm9EsT26xRYVU0n8gl8Wr7v3UR6E0GNdRDRAfWTWNAtgE7WlZLPFonJ9k_h2NVpjAVQQyDxQn987OmzNXvdSN_UMrD99q9lRPHrErIfqv_sjw-hSZxw=w408-h306-k-no,Asia/Saigon,"{""id"":""106095198896250133815"",""name"":""BAOVIET Bank (Chủ sở hữu)"",""link"":""https://www.google.com/maps/contrib/106095198896250133815""}"
https://www.google.com/maps/place/GP+Bank+L%E1%BA%A1c+Trung/data=!4m7!3m6!1s0x3135ac0654fac0c7:0xa12bfbcd123b926f!8m2!3d21!4d105!16s%2Fg%2F1hc2f7h5h!19sChIJx8D6VAasNTERb5I7Es37K6E?authuser=0&hl=vi&rclk=1,GP Bank Lạc Trung,Ngân hàng,"69A P. Lạc Trung, Vĩnh Tuy, Hai Bà Trưng, Hà Nội",{},{},,024 3636 9202,"2V39+23 Hai Bà Trưng, Hà Nội",4.5,21.002595,105.867729,11613652922297717359,,,https://lh3.googleusercontent.com/gps-cs-s/AC9h4nq_Q9msNByyt-a7eABMNLR6QsYLX1FOhpmEt_tkEDzCQGGmhnho6koW0OJO_jdbVMR-u85I3TDzRPgc2hbabuLywWmH4CxLp4oNtLHjZivQi68cZpjx_FPnzayR99RA6bbMm9VpmQ=w408-h664-k-no,Asia/Saigon,"{""id"":"""",""name"":""GP Bank Lạc Trung (Chủ sở hữu)"",""link"":""""}"
https://www.google.com/maps/place/Vietbank+-+PGD+Qu%C3%A1n+Th%C3%A1nh/data=!4m7!3m6!1s0x3135abba3a1fc219:0x4f355df9a3bda3cf!8m2!3d21!4d105!16s%2Fg%2F1hc4v9xww!19sChIJGcIfOrqrNTERz6O9o_ldNU8?authuser=0&hl=vi&rclk=1,Vietbank - PGD Quán Thánh,Ngân hàng,"62 P. Quán Thánh, Quán Thánh, Ba Đình, Hà Nội 100000","{""Chủ Nhật"":[""Đóng cửa""],""Thứ Ba"":[""07:30–11:30"",""13:00–16:30""],""Thứ Bảy"":[""07:30–11:30""],""Thứ Hai"":[""07:30–11:30"",""13:00–16:30""],""Thứ Năm"":[""07:30–11:30"",""13:00–16:30""],""Thứ Sáu"":[""07:30–11:30"",""13:00–16:30""],""Thứ Tư"":[""07:30–11:30"",""13:00–16:30""]}",{},,024 3927 6969,"2RRW+75 Ba Đình, Hà Nội",5.0,21.040713,105.845392,5707571429537326031,Đã đóng cửa ⋅ Mở lúc 7:30 Th 7,,https://lh3.googleusercontent.com/gps-cs-s/AC9h4nrrNRD-T50yBAV9yBPNsU8ulDkCAP4SDM-0TTeqqpMEk-kjQXZjlzU5Yda8bP_9T5-jTYpEIOzGPWdK5oEFvGs5dgqa0UscoyupMV8IgX7vhErwvkUM0IXHUQzggflcOqFmyzhR=w408-h544-k-no,Asia/Saigon,"{""id"":""118225397081820822552"",""name"":""Vietbank - PGD Quán Thánh (Chủ sở hữu)"",""link"":""https://www.google.com/maps/contrib/118225397081820822552""}"
https://www.google.com/maps/place/DongA+Joint+Stock+Commercial+Bank+-+Nguyen+Bieu+Transaction+Office/data=!4m7!3m6!1s0x3135abba3afb5329:0xacdf0a8b40dc8bd3!8m2!3d21!4d105!16s%2Fg%2F11b6d5x1dc!19sChIJKVP7OrqrNTER04vcQIsK36w?authuser=0&hl=vi&rclk=1,DongA Joint Stock Commercial Bank - Nguyen Bieu Transaction Office,Ngân hàng,"3 P. Quán Thánh, Street, Ba Đình, Hà Nội",{},{},,,"2RRW+65 Ba Đình, Hà Nội",0.0,21.040516,105.845399,12456686687535008723,,,,Asia/Saigon,"{""id"":"""",""name"":""DongA Joint Stock Commercial Bank - Nguyen Bieu Transaction Office (Chủ sở hữu)"",""link"":""""}"
https://www.google.com/maps/place/GP.Bank+Xa%CC%83+%C4%90a%CC%80n/data=!4m7!3m6!1s0x3135ab87f4553c63:0xd10c4a99ef4bd2e6!8m2!3d21!4d105!16s%2Fg%2F1hc8l75wz!19sChIJYzxV9IerNTER5tJL75lKDNE?authuser=0&hl=vi&rclk=1,GP.Bank Xã Đàn,Ngân hàng,"488 P. Xã Đàn, Phương Liên, Đống Đa, Hà Nội",{},{},,024 3573 9251,"2R5Q+8J Đống Đa, Hà Nội",5.0,21.008266,105.83901,15063496878652642022,,,https://lh3.googleusercontent.com/gps-cs-s/AC9h4npgHpk9lX9a4N1hUi3Mq4N2dnTmF25_n_L5Uep8SZKnhQMsOWLvPLsS1h1rG96BFVW6PO_7Hry8i3EXYcGiL6djOLKVBvZK6Q3_6iIf_8Le39CC3PIqXEt5LcZtWMAoFlID3Xhn2Q=w408-h240-k-no-pi-20-ya359-ro-0-fo100,Asia/Saigon,"{""id"":"""",""name"":""GP.Bank Xã Đàn (Chủ sở hữu)"",""link"":""""}"
https://www.google.com/maps/place/Ng%C3%A2n+H%C3%A0ng+Tmcp+D%E1%BA%A7u+Kh%C3%AD+To%C3%A0n+C%E1%BA%A7u+%28Gp.Bank%29+-+Pgd+H%C3%A0m+Long/data=!4m7!3m6!1s0x3135abed5fd43abb:0xb7b98b218da3fef6!8m2!3d21!4d105!16s%2Fg%2F11btrrgn8l!19sChIJuzrUX-2rNTER9v6jjSGLubc?authuser=0&hl=vi&rclk=1,Ngân Hàng Tmcp Dầu Khí Toàn Cầu (Gp.Bank) - Pgd Hàm Long,Ngân hàng,"14 P.Hàm Long, Phan Chu Trinh, Hoàn Kiếm, Hà Nội",{},{},,024 3944 7115,"2V93+HM Hoàn Kiếm, Hà Nội",5.0,21.018908,105.854131,13238765555858800374,,,,Asia/Saigon,"{""id"":"""",""name"":""Ngân Hàng Tmcp Dầu Khí Toàn Cầu (Gp.Bank) - Pgd Hàm Long (Chủ sở hữu)"",""link"":""""}"
https://www.google.com/maps/place/Ph%C3%B2ng+Giao+D%E1%BB%8Bch+Ng%C3%A2n+H%C3%A0ng+B%E1%BA%AFc+%C3%81+-+Bac+A+Bank+@+Ph%C3%B2ng+Giao+D%E1%BB%8Bch+C%C3%A1t+Linh/data=!4m7!3m6!1s0x3135ab9ec666576d:0x4a464b412814fcc6!8m2!3d21!4d105!16s%2Fg%2F11qxy2w7z5!19sChIJbVdmxp6rNTERxvwUKEFLRko?authuser=0&hl=vi&rclk=1,Phòng Giao Dịch Ngân Hàng Bắc Á - Bac A Bank @ Phòng Giao Dịch Cát Linh,Ngân hàng,"10A P. Giảng Võ, Cát Linh, Đống Đa, Hà Nội",{},{},,,"2RHM+6J Đống Đa, Hà Nội",1.0,21.028117,105.83402,5352047950393834694,,,,Asia/Saigon,"{""id"":"""",""name"":""Phòng Giao Dịch Ngân Hàng Bắc Á - Bac A Bank @ Phòng Giao Dịch Cát Linh (Chủ sở hữu)"",""link"":""""}"
https://www.google.com/maps/place/Public+Bank/data=!4m7!3m6!1s0x3135ab087cccb5e1:0x42989065d78fba84!8m2!3d21!4d105!16s%2Fg%2F11s8w976r4!19sChIJ4bXMfAirNTERhLqP12WQmEI?authuser=0&hl=vi&rclk=1,Public Bank,Ngân hàng,"C05, Embassy Garden, Đ. Hoàng Minh Thảo, Khu đô thị Tây Hồ Tây, Bắc Từ Liêm, Hà Nội 100000","{""Chủ Nhật"":[""Đóng cửa""],""Thứ Ba"":[""08:00–16:30""],""Thứ Bảy"":[""Đóng cửa""],""Thứ Hai"":[""08:00–16:30""],""Thứ Năm"":[""08:00–16:30""],""Thứ Sáu"":[""08:00–16:30""],""Thứ Tư"":[""08:00–16:30""]}",{},https://www.publicbank.com.vn/,0919 901 661,"3Q7X+56 Bắc Từ Liêm, Hà Nội",5.0,21.062994,105.798081,4798744170045880964,Đã đóng cửa ⋅ Mở lúc 8:00 Th 2,,https://lh3.googleusercontent.com/p/AF1QipNNruz0auGJ21gmA9f68ez6B1BGbUVuCB47nPsf=w408-h306-k-no,Asia/Saigon,"{""id"":""111527992228948809733"",""name"":""Public Bank (Chủ sở hữu)"",""link"":""https://www.google.com/maps/contrib/111527992228948809733""}"
"https://www.google.com/maps/place/Ng%C3%A2n+H%C3%A0ng+Mizuho+Bank,+Ltd.-+Chi+Nh%C3%A1nh+Th%C3%A0nh+Ph%E1%BB%91+H%C3%A0+N%E1%BB%99i/data=!4m7!3m6!1s0x3135abebf26fffff:0xe84cf055d9f3bfbc!8m2!3d21!4d105!16s%2Fg%2F11fmz1jxqg!19sChIJ__9v8uurNTERvL_z2VXwTOg?authuser=0&hl=vi&rclk=1","Ngân Hàng Mizuho Bank, Ltd.- Chi Nhánh Thành Phố Hà Nội",Ngân hàng,"63 P. Lý Thái Tổ, Tràng Tiền, Hoàn Kiếm, Hà Nội",{},{},,,"2VF4+XV Hoàn Kiếm, Hà Nội",1.6,21.024886,105.857149,16739018166548807612,,,https://lh3.googleusercontent.com/gps-cs-s/AC9h4noXjz00ZKekKbf1KxAoBC3ySsEh8deQSaplNh8lDMdjZJwsSCz1UwYU2wTcj47jlQVLlNoa7rg8liijUxDA3NWNkxpjKPyjVeE8sTczS26uiChPOq9ekeLmp7Jau73yQtGU0wtEwQ=w797-h240-k-no,Asia/Saigon,"{""id"":"""",""name"":""Ngân Hàng Mizuho Bank, Ltd.- Chi Nhánh Thành Phố Hà Nội (Chủ sở hữu)"",""link"":""""}"
https://www.google.com/maps/place/GP+Bank@+Dong+Do+Branch/data=!4m7!3m6!1s0x3135ac713bdd21e1:0x856cdf9645a1ef4f!8m2!3d21!4d105!16s%2Fg%2F11b6dg9hbp!19sChIJ4SHdO3GsNTERT--hRZbfbIU?authuser=0&hl=vi&rclk=1,GP Bank@ Dong Do Branch,Ngân hàng,"10A7, Tran Dai Nghia Street, Hai Ba Trung District, Đồng Tâm, Hai Bà Trưng, Hà Nội",{},{},,,"2R2V+FW Hai Bà Trưng, Hà Nội",0.0,21.001247,105.844775,9614305141035495247,,,https://lh3.googleusercontent.com/gps-cs-s/AC9h4nrBDJCJ3Kdu85nseHMDHMH-Bc3G1LZILRWC8EqE3weHBBYE5Vcz4tJzQ5jznaAGLtIkdY41KUlg3YA7o34JDHz1ciok-S8uwErkd-vBpT-UiK833GnqBecePaYlsfpaRKnPlhBt=w408-h544-k-no,Asia/Saigon,"{""id"":"""",""name"":""GP Bank@ Dong Do Branch (Chủ sở hữu)"",""link"":""""}"
https://www.google.com/maps/place/Ng%C3%A2n+H%C3%A0ng+Tmcp+H%C3%A0ng+H%E1%BA%A3i+Vi%E1%BB%87t+Nam+%28Maritime+Bank%29+-+Cn+H%C3%A0+N%E1%BB%99i/data=!4m7!3m6!1s0x3135ab9716a89467:0x3f5672114dbd9a88!8m2!3d21!4d105!16s%2Fg%2F11hylcll5z!19sChIJZ5SoFperNTERiJq9TRFyVj8?authuser=0&hl=vi&rclk=1,Ngân Hàng Tmcp Hàng Hải Việt Nam (Maritime Bank) - Cn Hà Nội,Ngân hàng,"71 P. Hai Bà Trưng, Cửa Nam, Hoàn Kiếm, Hà Nội 100000",{},{},,024 3822 6060,"2RGV+R3 Hoàn Kiếm, Hà Nội",3.0,21.027076,105.842659,4563960691030858376,,,https://lh3.googleusercontent.com/gps-cs-s/AC9h4noT4WWya3Lu-wFSq159XNnog9HLUJo4uoiPnsHE8MsRfeaRPKEmilTMAcht8lo89mXNzYZzyVxYrMSnsgUHQipKMD-bGJ6GjPTLekiuZL_7rD-RZusXgPLsDmHH0sq3Cj056ZeR=w408-h725-k-no,Asia/Saigon,"{""id"":"""",""name"":""Ngân Hàng Tmcp Hàng Hải Việt Nam (Maritime Bank) - Cn Hà Nội (Chủ sở hữu)"",""link"":""""}"
https://www.google.com/maps/place/GP+Bank+Y%C3%AAn+Ph%E1%BB%A5/data=!4m7!3m6!1s0x3135aa549d4bef9f:0xd0a6bd464a0ea6c7!8m2!3d21!4d105!16s%2Fg%2F1hc20gk61!19sChIJn-9LnVSqNTERx6YOSka9ptA?authuser=0&hl=vi&rclk=1,GP Bank Yên Phụ,Ngân hàng,"163 P. Yên Phụ, Quảng An, Tây Hồ, Hà Nội",{},{},,024 3718 6137,"3R4M+XW Tây Hồ, Hà Nội",0.0,21.057459,105.834829,15034912515610814151,,,,Asia/Saigon,"{""id"":"""",""name"":""GP Bank Yên Phụ (Chủ sở hữu)"",""link"":""""}"
https://www.google.com/maps/place/Ng%C3%A2n+H%C3%A0ng+Tmcp+X%C4%83ng+D%E1%BA%A7u+Petrolimex+%28Pg+Bank%29+-+Cn+H%C3%A0+N%E1%BB%99i/data=!4m7!3m6!1s0x3135abede427bc4b:0xa2594bb8b066412c!8m2!3d21!4d105!16s%2Fg%2F11b67qtyss!19sChIJS7wn5O2rNTERLEFmsLhLWaI?authuser=0&hl=vi&rclk=1,Ngân Hàng Tmcp Xăng Dầu Petrolimex (Pg Bank) - Cn Hà Nội,Ngân hàng,"11 Trần Hưng Đạo, Phan Chu Trinh, Hoàn Kiếm, Hà Nội",{},{},,024 3944 8899,"2V95+M2 Hoàn Kiếm, Hà Nội",0.0,21.019187,105.857583,11698464763677131052,,,,Asia/Saigon,"{""id"":"""",""name"":""Ngân Hàng Tmcp Xăng Dầu Petrolimex (Pg Bank) - Cn Hà Nội (Chủ sở hữu)"",""link"":""""}"
https://www.google.com/maps/place/Bayerische+Hypo+Und+Vereins+Bank+AG/data=!4m7!3m6!1s0x3135abea42c94df7:0x1bd251fef79efbdb!8m2!3d21!4d105!16s%2Fg%2F1tdm162_!19sChIJ903JQuqrNTER2_ue9_5R0hs?authuser=0&hl=vi&rclk=1,Bayerische Hypo Und Vereins Bank AG,Ngân hàng,"Unit 808, Hanoi Tung Shing Square 2 Ngo Quyen Street, Hoan Kiem District, 46 P. Ngô Quyền, Hàng Bài, Hoàn Kiếm, Hà Nội",{},{},,024 3826 5027,"2VC3+HG Hoàn Kiếm, Hà Nội",0.0,21.021426,105.853801,2004754939651226587,,,,Asia/Saigon,"{""id"":"""",""name"":""Bayerische Hypo Und Vereins Bank AG (Chủ sở hữu)"",""link"":""""}"
https://www.google.com/maps/place/Vietnam+Thuong+Tin+Commercial+Joint+Stock+Bank+%28VietBank%29/data=!4m7!3m6!1s0x3135ab6bc0fd4fe7:0xa8851944960a4b9b!8m2!3d21!4d105!16s%2Fg%2F11b6d0k553!19sChIJ50_9wGurNTERm0sKlkQZhag?authuser=0&hl=vi&rclk=1,Vietnam Thuong Tin Commercial Joint Stock Bank (VietBank),Ngân hàng,"557 P. Kim Mã, Ngọc Khánh, Ba Đình, Hà Nội 100000",{},{},,,"2RH5+RW Ba Đình, Hà Nội",0.0,21.029569,105.809851,12143139752640138139,,,,Asia/Saigon,"{""id"":"""",""name"":""Vietnam Thuong Tin Commercial Joint Stock Bank (VietBank) (Chủ sở hữu)"",""link"":""""}"
https://www.google.com/maps/place/Ng%C3%A2n+H%C3%A0ng+TMCP+Ph%C3%A1t+Tri%E1%BB%83n+Nh%C3%A0+TP+H%E1%BB%93+Ch%C3%AD+Minh+%28HDBank%29/data=!4m7!3m6!1s0x3135abbbfa000c6b:0xc3ee3c985ee66687!8m2!3d21!4d105!16s%2Fg%2F1pztnmhfp!19sChIJawwA-rurNTERh2bmXpg87sM?authuser=0&hl=vi&rclk=1,Ngân Hàng TMCP Phát Triển Nhà TP Hồ Chí Minh (HDBank),Ngân hàng,"8 P. Lê Văn Linh, Hàng Mã, Hoàn Kiếm, Hà Nội",{},{},https://www.hdbank.com.vn/,024 3747 5956,"2RQW+28 Hoàn Kiếm, Hà Nội",2.9,21.037553,105.845825,14118288506977937031,,,,Asia/Saigon,"{""id"":"""",""name"":""Ngân Hàng TMCP Phát Triển Nhà TP Hồ Chí Minh (HDBank) (Chủ sở hữu)"",""link"":""""}"
https://www.google.com/maps/place/Ng%C3%A2n+H%C3%A0ng+TMCP+B%E1%BA%AFc+%C3%81/data=!4m7!3m6!1s0x3135ac7ae9969867:0xa861d54793fc1dba!8m2!3d20!4d105!16s%2Fg%2F1pzr0nbfw!19sChIJZ5iW6XqsNTERuh38k0fVYag?authuser=0&hl=vi&rclk=1,Ngân Hàng TMCP Bắc Á,Ngân hàng,"22, Trường Chinh, Phường Phương Mai, Quận Đống Đa, Phương Đình, Đống Đa, Hà Nội",{},{},http://www.baca-bank.vn/,024 3628 5725,"XRXQ+CG Đống Đa, Hà Nội",3.4,20.998535,105.838863,12133213374514994618,,,https://lh3.googleusercontent.com/gps-cs-s/AC9h4npK4fDOT3gSlUFonsn9pfxqywurGnikNjcBKFIxxXGe2KHXan_47k5IppG8m7c3_zTlXnHnB6LOmU2QDkcjcYL8jjhGWPImKHNBc8mCZYMwLtCZVPMBuc_PSKW9HRoFGMPBZtE=w408-h306-k-no,Asia/Saigon,"{""id"":"""",""name"":""Ngân Hàng TMCP Bắc Á (Chủ sở hữu)"",""link"":""""}"
https://www.google.com/maps/place/Ng%C3%A2n+H%C3%A0ng+B%E1%BA%AFc+%C3%81+Bank+Tr%C3%A2u+Qu%E1%BB%B3/data=!4m7!3m6!1s0x3135a8c365289239:0x1640608d19c59b37!8m2!3d21!4d105!16s%2Fg%2F11j5hmjc_q!19sChIJOZIoZcOoNTERN5vFGY1gQBY?authuser=0&hl=vi&rclk=1,Ngân Hàng Bắc Á Bank Trâu Quỳ,Ngân hàng tiết kiệm,"135 P. Ng. Xuân Quảng, Trâu Quỳ, Gia Lâm, Hà Nội",{},{},,1800 588828,"2W8P+VQ Gia Lâm, Hà Nội",4.0,21.01716,105.9369,1603387626482932535,,,https://lh3.googleusercontent.com/gps-cs-s/AC9h4nqj41kFhzNy57SGd-mPnfa1TKfrBlPXkCQcYqkHSljlxYEAjDR5hOlDarD9jRo-Psh2V6K-mNGVoSJmkjtNi8l4pAKAjO5F3aKxpqZxnACnPxZTsffIGnXX_pE9munWf0JOJtQ3=w408-h306-k-no,Asia/Saigon,"{""id"":"""",""name"":""Ngân Hàng Bắc Á Bank Trâu Quỳ (Chủ sở hữu)"",""link"":""""}"
https://www.google.com/maps/place/Ng%C3%A2n+H%C3%A0ng+Pvcom+Bank+Hai+B%C3%A0+Tr%C6%B0ng/data=!4m7!3m6!1s0x3135abec85f36209:0x1904c55df2558b5e!8m2!3d21!4d105!16s%2Fg%2F11j34wz4g6!19sChIJCWLzheyrNTERXotV8l3FBBk?authuser=0&hl=vi&rclk=1,Ngân Hàng Pvcom Bank Hai Bà Trưng,Ngân hàng tiết kiệm,"2VF3+MV8 Ngân Hàng Pvcom Bank Hai Bà Trưng, P. Hai Bà Trưng, Tràng Tiền, Hoàn Kiếm, Hà Nội",{},{},,1900 555592,,1.0,21.024163,105.854709,1802782758143363934,,,,Asia/Saigon,"{""id"":"""",""name"":""Ngân Hàng Pvcom Bank Hai Bà Trưng (Chủ sở hữu)"",""link"":""""}"
https://www.google.com/maps/place/State+Bank+of+Vietnam/data=!4m7!3m6!1s0x3135abecfb3ab163:0xe1b26bef3d5fb261!8m2!3d21!4d105!16s%2Fg%2F11clt8zwh4!19sChIJY7E6--yrNTERYbJfPe9rsuE?authuser=0&hl=vi&rclk=1,State Bank of Vietnam,Ngân hàng,"25 P. Lý Thường Kiệt, Phan Chu Trinh, Hoàn Kiếm, Hà Nội","{""Chủ Nhật"":[""Đóng cửa""],""Thứ Ba"":[""08:00–17:00""],""Thứ Bảy"":[""Đóng cửa""],""Thứ Hai"":[""08:00–17:00""],""Thứ Năm"":[""08:00–17:00""],""Thứ Sáu"":[""08:00–17:00""],""Thứ Tư"":[""08:00–17:00""]}","{""Friday"":{""10"":90,""11"":100,""12"":80,""13"":77,""14"":70,""15"":77,""16"":72,""17"":0,""18"":0,""19"":0,""20"":0,""21"":0,""22"":0,""23"":0,""6"":0,""7"":0,""8"":65,""9"":82},""Monday"":{""10"":65,""11"":72,""12"":72,""13"":87,""14"":95,""15"":95,""16"":85,""17"":0,""18"":0,""19"":0,""20"":0,""21"":0,""22"":0,""23"":0,""6"":0,""7"":0,""8"":40,""9"":52},""Saturday"":{},""Sunday"":{},""Thursday"":{""10"":75,""11"":82,""12"":80,""13"":85,""14"":82,""15"":77,""16"":80,""17"":0,""18"":0,""19"":0,""20"":0,""21"":0,""22"":0,""23"":0,""6"":0,""7"":0,""8"":55,""9"":70},""Tuesday"":{""10"":70,""11"":62,""12"":57,""13"":55,""14"":80,""15"":87,""16"":75,""17"":0,""18"":0,""19"":0,""20"":0,""21"":0,""22"":0,""23"":0,""6"":0,""7"":0,""8"":52,""9"":62},""Wednesday"":{""10"":77,""11"":67,""12"":67,""13"":70,""14"":80,""15"":72,""16"":57,""17"":0,""18"":0,""19"":0,""20"":0,""21"":0,""22"":0,""23"":0,""6"":0,""7"":0,""8"":52,""9"":72}}",,024 3939 2201,"2VC4+P2 Hoàn Kiếm, Hà Nội",4.5,21.021833,105.855006,16263179879659319905,Đã đóng cửa ⋅ Mở lúc 8:00 Th 2,,https://lh3.googleusercontent.com/gps-cs-s/AC9h4noAUq_QviJbxcfKCTmrrb0SK81kQDlk9lWrUCXRWNI0mRN10QfQo3wuDmp5lpGNS1lVZEKB6Ykssj54UdfXiMV0PJnW3sIegI8xU_0I0xjz7_rkWWaks1TB76bdmt-eMihr0FOI=w426-h240-k-no,Asia/Saigon,"{""id"":"""",""name"":""State Bank of Vietnam (Chủ sở hữu)"",""link"":""""}"
https://www.google.com/maps/place/Ng%C3%A2n+H%C3%A0ng+Indovina+%28Ivb%29+-+%C4%90gd+Ng%C3%B4+Quy%E1%BB%81n/data=!4m7!3m6!1s0x3135abea0b53064b:0x86c52491625e71c9!8m2!3d21!4d105!16s%2Fg%2F1hc5353hq!19sChIJSwZTC-qrNTERyXFeYpEkxYY?authuser=0&hl=vi&rclk=1,Ngân Hàng Indovina (Ivb) - Đgd Ngô Quyền,Ngân hàng,"1C Ngô Quyền, Quận Hoàn Kiếm, Công ty Chứng khoán Sài Gòn, Lý Thái Tổ, Hoàn Kiếm, Hà Nội",{},{},,024 3938 6188,"2VH4+J7 Hoàn Kiếm, Hà Nội",3.7,21.029073,105.855637,9711208378333557193,,,https://lh3.googleusercontent.com/gps-cs-s/AC9h4nrZbhypuKrJSeZRnNeNqmc63iRP4KbATJZO1rWmYJLximJC3DP6bI4TlfJcU0L-p-ncxCBYUEi-mh7prBgYITqidt20aYNsrXJOMtDUGyymqIFkArgZ6sTdHxng2W554jlZzkw=w408-h544-k-no,Asia/Saigon,"{""id"":""105956554299928300133"",""name"":""Ngân Hàng Indovina (Ivb) - Đgd Ngô Quyền (Chủ sở hữu)"",""link"":""https://www.google.com/maps/contrib/105956554299928300133""}"
https://www.google.com/maps/place/ATM+Dong+A+Bank/data=!4m7!3m6!1s0x3135ab7f46b7eab5:0x6756c6e7dde3b3df!8m2!3d21!4d105!16s%2Fg%2F1pzscb147!19sChIJteq3Rn-rNTER37Pj3efGVmc?authuser=0&hl=vi&rclk=1,ATM Dong A Bank,Ngân hàng,"181 Nguyễn Lương Bằng, Quang Trung, Đống Đa, Hà Nội",{},{},http://www.dongabank.com.vn/,1900 545464,"2R7H+X5 Đống Đa, Hà Nội",4.5,21.014875,105.827888,7446357733066126303,,,https://lh3.googleusercontent.com/gps-cs-s/AC9h4npcFsC94huN3-Kv4VvoxTOrRgiwiAlkoHEsBe8NAwSUAvcUosP0_PY5kCDpWpmp7qBGnAp9UOcT8dXY7QtI3Brm035aCeke1eew_WSmn1qeiUfL8rKHLjUJbpcUxYzXVzHDd_6qyA=w408-h306-k-no,Asia/Saigon,"{""id"":"""",""name"":""ATM Dong A Bank (Chủ sở hữu)"",""link"":""""}"
https://www.google.com/maps/place/H%E1%BB%99i+s%E1%BB%9F+Vikki+Digital+Bank/data=!4m7!3m6!1s0x3135abe80626c6f9:0xc417e368bedab59d!8m2!3d21!4d105!16s%2Fg%2F11x0ymvzkk!19sChIJ-cYmBuirNTERnbXavmjjF8Q?authuser=0&hl=vi&rclk=1,Hội sở Vikki Digital Bank,Ngân hàng,"72 Lý Thường Kiệt, phường Trần Hưng Đạo, quận Hoàn Kiếm, Thành phố Hà Nội, Việt Nam Hà Nội, Hanoi City, 100000","{""Chủ Nhật"":[""Đóng cửa""],""Thứ Ba"":[""07:30–17:00""],""Thứ Bảy"":[""07:30–11:30""],""Thứ Hai"":[""07:30–17:00""],""Thứ Năm"":[""07:30–17:00""],""Thứ Sáu"":[""07:30–17:00""],""Thứ Tư"":[""07:30–17:00""]}",{},https://vikkibank.vn/,1900 6608,"2RGV+69 Hoàn Kiếm, Hà Nội",5.0,21.025606,105.843449,14130012394916328861,Đã đóng cửa ⋅ Mở lúc 7:30 Th 7,,https://lh3.googleusercontent.com/p/AF1QipOlBElvq0AvmYm000K1jNvle3dLhLGBgkZ16cL2=w408-h306-k-no,Asia/Saigon,"{""id"":""101444439661160047438"",""name"":""Hội sở Vikki Digital Bank (Chủ sở hữu)"",""link"":""https://www.google.com/maps/contrib/101444439661160047438""}"
https://www.google.com/maps/place/Ng%C3%A2n+H%C3%A0ng+%C4%90%E1%BA%A7u+T%C6%B0+V%C3%A0+Ph%C3%A1t+Tri%E1%BB%83n+Vi%E1%BB%87t+Nam+-+BIDV/data=!4m7!3m6!1s0x3135abeabd434d1b:0x36c43c7321415219!8m2!3d21!4d105!16s%2Fg%2F11btmq5rvc!19sChIJG01DveqrNTERGVJBIXM8xDY?authuser=0&hl=vi&rclk=1,Ngân Hàng Đầu Tư Và Phát Triển Việt Nam - BIDV,Ngân hàng,"69 P. Đinh Tiên Hoàng, Lý Thái Tổ, Hoàn Kiếm, Hà Nội",{},{},,024 3935 1606,"2VH3+QJ Hoàn Kiếm, Hà Nội",3.0,21.02938,105.854043,3946345638660231705,,,https://lh3.googleusercontent.com/gps-cs-s/AC9h4nrllvH0snktCevcSxn5YwRg3VS8IFw3Pyd7y4ezs4jtQo9FShIePh6MPHwTVcRM6pSoh6HSN8apLjk1q3-BNqUz-dtPCvr_IoCblFpfWeaL1KYU-IbbQgSVOVpsbSmXD2OvuD5cwg=w408-h544-k-no,Asia/Saigon,"{""id"":"""",""name"":""Ngân Hàng Đầu Tư Và Phát Triển Việt Nam - BIDV (Chủ sở hữu)"",""link"":""""}"
https://www.google.com/maps/place/Vietin+Bank/data=!4m7!3m6!1s0x3135ab8b149d3865:0x8d55d3623c7f6e45!8m2!3d21!4d105!16s%2Fg%2F11ddxv8xg0!19sChIJZTidFIurNTERRW5_PGLTVY0?authuser=0&hl=vi&rclk=1,Vietin Bank,Ngân hàng,"7E P. Đoàn Trần Nghiệp, Lê Đại Hành, Hai Bà Trưng, Hà Nội",{},{},,,"2V62+J7 Hai Bà Trưng, Hà Nội",2.3,21.011622,105.850685,10184278551243484741,,,https://lh3.googleusercontent.com/gps-cs-s/AC9h4nqPafPuYQpESvaybfwvL4IZlfVL0pPzFBGNaZpGl1A19V-DU-T2iMeaizzaMpkK_d0aGU1rI3CrnK48Gm17jNERkLSY6aoQ5ABVGIhL_yuuKDDTi8cBcDHYBIcMCwZa6hpPAgaE=w426-h240-k-no,Asia/Saigon,"{""id"":"""",""name"":""Vietin Bank (Chủ sở hữu)"",""link"":""""}"
https://www.google.com/maps/place/Ng%C3%A2n+H%C3%A0ng+Tmcp+Ph%C6%B0%C6%A1ng+T%C3%A2y+%28Western+Bank%29+-+Pgd+%C4%90%E1%BB%91ng+%C4%90a/data=!4m7!3m6!1s0x3135ab824bb81883:0x952aadb3eb2d41f!8m2!3d21!4d105!16s%2Fg%2F1tq4nkwb!19sChIJgxi4S4KrNTERH9SyPtuqUgk?authuser=0&hl=vi&rclk=1,Ngân Hàng Tmcp Phương Tây (Western Bank) - Pgd Đống Đa,Ngân hàng,"478 Đàn, Nam Đồng, Đống Đa, Hà Nội",{},{},,024 3573 7951,"2R8J+MP Đống Đa, Hà Nội",0.0,21.016728,105.831782,671787153058092063,,,,Asia/Saigon,"{""id"":"""",""name"":""Ngân Hàng Tmcp Phương Tây (Western Bank) - Pgd Đống Đa (Chủ sở hữu)"",""link"":""""}"
https://www.google.com/maps/place/Ng%C3%A2n+H%C3%A0ng+Nam+%C3%81+-+Onebank+Ph%E1%BA%A1m+%C4%90%C3%ACnh+H%E1%BB%95+%28+Nam+A+Bank+%29/data=!4m7!3m6!1s0x3135ab6700381261:0x607dd1bb0bd53da1!8m2!3d21!4d105!16s%2Fg%2F11vbyknxs0!19sChIJYRI4AGerNTERoT3VC7vRfWA?authuser=0&hl=vi&rclk=1,Ngân Hàng Nam Á - Onebank Phạm Đình Hổ ( Nam A Bank ),Ngân hàng,"45 P. Trần Xuân Soạn, Ngô Thì Nhậm, Hoàn Kiếm, Hà Nội",{},{},https://www.namabank.com.vn/,0332 988 266,"2V83+MG Hoàn Kiếm, Hà Nội",4.0,21.016701,105.853826,6952944001017527713,,,https://lh3.googleusercontent.com/p/AF1QipPLXOo8187J62zqFPULodSYLvP1_gr8YuQRUSmS=w408-h544-k-no,Asia/Saigon,"{""id"":""109488071324904381103"",""name"":""Ngân Hàng Nam Á - Onebank Phạm Đình Hổ ( Nam A Bank ) (Chủ sở hữu)"",""link"":""https://www.google.com/maps/contrib/109488071324904381103""}"
https://www.google.com/maps/place/Ng%C3%A2n+H%C3%A0ng+Tmcp+D%E1%BA%A7u+Kh%C3%AD+To%C3%A0n+C%E1%BA%A7u+%28Gp.Bank%29+-+Pgd+H%C3%A0ng+B%E1%BA%A1c/data=!4m7!3m6!1s0x3135abc08f78f12f:0xaa22f3e0327d0397!8m2!3d21!4d105!16s%2Fg%2F11b67qjn95!19sChIJL_F4j8CrNTERlwN9MuDzIqo?authuser=0&hl=vi&rclk=1,Ngân Hàng Tmcp Dầu Khí Toàn Cầu (Gp.Bank) - Pgd Hàng Bạc,Ngân hàng,"26 P. Hàng Bạc, Hàng Buồm, Hoàn Kiếm, Hà Nội",{},{},https://www.gpbank.com.vn/,024 3926 3538,"2VM3+H7 Hoàn Kiếm, Hà Nội",1.0,21.033965,105.853217,12259629279901189015,,,https://lh3.googleusercontent.com/gps-cs-s/AC9h4nrbtfUnb3Y3onkQ4vob-glOmDcsiUft-v4mSdMscp8QZvfeQC9WntiLvVrtoRb9o_hlYvkxgnHUt4iNm1SSjwQhbk11VDcNolgqqsMthuFt68C6q9wN2Yxob5BN8jBg00R6_qSAfA=w408-h544-k-no,Asia/Saigon,"{""id"":"""",""name"":""Ngân Hàng Tmcp Dầu Khí Toàn Cầu (Gp.Bank) - Pgd Hàng Bạc (Chủ sở hữu)"",""link"":""""}"
https://www.google.com/maps/place/K%E1%BB%B3+L%C3%A2n+Bank/data=!4m7!3m6!1s0x3135ad76d6a2d433:0x881db6aa4721e5f0!8m2!3d21!4d105!16s%2Fg%2F11j4sy2568!19sChIJM9Si1natNTER8OUhR6q2HYg?authuser=0&hl=vi&rclk=1,Kỳ Lân Bank,Ngân hàng,"B9, B9 P. Tạ Quang Bửu, Khu tập thể Thanh Xuân Bắc, Hai Bà Trưng, Hà Nội 100000","{""Chủ Nhật"":[""09:00–21:00""],""Thứ Ba"":[""09:00–21:00""],""Thứ Bảy"":[""09:00–21:00""],""Thứ Hai"":[""09:00–21:00""],""Thứ Năm"":[""09:00–21:00""],""Thứ Sáu"":[""09:00–21:30""],""Thứ Tư"":[""09:00–21:00""]}","{""Friday"":{""10"":36,""11"":45,""12"":54,""13"":36,""14"":45,""15"":45,""16"":72,""17"":36,""18"":18,""19"":9,""20"":18,""21"":27,""22"":0,""23"":0,""6"":0,""7"":0,""8"":0,""9"":45},""Monday"":{""10"":45,""11"":36,""12"":36,""13"":27,""14"":18,""15"":18,""16"":27,""17"":45,""18"":45,""19"":27,""20"":36,""21"":0,""22"":0,""23"":0,""6"":0,""7"":0,""8"":0,""9"":36},""Saturday"":{""10"":63,""11"":45,""12"":27,""13"":36,""14"":54,""15"":90,""16"":54,""17"":54,""18"":36,""19"":36,""20"":54,""21"":0,""22"":0,""23"":0,""6"":0,""7"":0,""8"":0,""9"":81},""Sunday"":{""10"":45,""11"":72,""12"":63,""13"":81,""14"":63,""15"":45,""16"":45,""17"":36,""18"":36,""19"":27,""20"":18,""21"":0,""22"":0,""23"":0,""6"":0,""7"":0,""8"":0,""9"":45},""Thursday"":{""10"":18,""11"":45,""12"":81,""13"":81,""14"":100,""15"":100,""16"":81,""17"":81,""18"":54,""19"":45,""20"":36,""21"":0,""22"":0,""23"":0,""6"":0,""7"":0,""8"":0,""9"":9},""Tuesday"":{""10"":72,""11"":45,""12"":27,""13"":18,""14"":27,""15"":18,""16"":27,""17"":18,""18"":18,""19"":9,""20"":27,""21"":0,""22"":0,""23"":0,""6"":0,""7"":0,""8"":0,""9"":45},""Wednesday"":{""10"":54,""11"":72,""12"":72,""13"":63,""14"":63,""15"":72,""16"":90,""17"":100,""18"":81,""19"":90,""20"":72,""21"":0,""22"":0,""23"":0,""6"":0,""7"":0,""8"":0,""9"":18}}",,0903 693 611,"2R4W+CP Hai Bà Trưng, Hà Nội",4.9,21.006034,105.846873,9808196405936907760,Đã đóng cửa ⋅ Mở lúc 9:00 Th 7,,https://lh3.googleusercontent.com/gps-cs-s/AC9h4nrnIBkuSqskp_GJltQ2KkMIkQOPK8hxQS7Qh2xNhHbFQh2BB7CPnWKLxJ7NVaMEqLjqJQAWPsP7sjEd8RAIchYMcHm9UZ6_xFIx-KgYA9WAC5QimGaKcPYaVTDqrKD7VtYsBptw1g=w408-h306-k-no,Asia/Saigon,"{""id"":""109482571802748905493"",""name"":""Kỳ Lân Bank (Chủ sở hữu)"",""link"":""https://www.google.com/maps/contrib/109482571802748905493""}"
https://www.google.com/maps/place/National+Citizen+Bank+NCB/data=!4m7!3m6!1s0x3135ab0008f043af:0x900617777e4bce47!8m2!3d21!4d105!16s%2Fg%2F11wwh9m5s7!19sChIJr0PwCACrNTERR85LfncXBpA?authuser=0&hl=vi&rclk=1,National Citizen Bank NCB,Ngân hàng,"37 P. Mã Mây, Phố cổ Hà Nội, Hoàn Kiếm, Hà Nội 100000",{},{},,,"2VP3+69 Hoàn Kiếm, Hà Nội",1.0,21.035602,105.853426,10378008193309331015,,,https://lh3.googleusercontent.com/gps-cs-s/AC9h4no2VwcbEl16JLfR6Iv8V58mFiIxIg__1J3uhlES4GU1rZErfMQ6MmWMDOD61hI50fN3OrHkLTANwYQPMw6zvYYsqZQrRvgFKB2hIfOc926K1cUQaadIrufYJdQApTgeCuCVrszI=w408-h307-k-no,Asia/Saigon,"{""id"":"""",""name"":""National Citizen Bank NCB (Chủ sở hữu)"",""link"":""""}"
https://www.google.com/maps/place/Ng%C3%A2n+H%C3%A0ng+Shinhan+L%C3%AA+Th%C3%A1i+T%E1%BB%95/data=!4m7!3m6!1s0x3135ab9540be8d5b:0x4d4b146fa58027a!8m2!3d21!4d105!16s%2Fg%2F11b6yd1_b1!19sChIJW42-QJWrNTERegJY-kax1AQ?authuser=0&hl=vi&rclk=1,Ngân Hàng Shinhan Lê Thái Tổ,Ngân hàng,"14 P. Lê Thái Tổ, Hàng Trống, Hoàn Kiếm, Hà Nội","{""Chủ Nhật"":[""Đóng cửa""],""Thứ Ba"":[""08:30–16:30""],""Thứ Bảy"":[""Đóng cửa""],""Thứ Hai"":[""08:30–16:30""],""Thứ Năm"":[""08:30–16:30""],""Thứ Sáu"":[""08:30–16:30""],""Thứ Tư"":[""08:30–16:30""]}","{""Friday"":{""10"":91,""11"":88,""12"":88,""13"":90,""14"":98,""15"":88,""16"":73,""17"":0,""18"":0,""19"":0,""20"":0,""21"":0,""22"":0,""23"":0,""6"":0,""7"":0,""8"":70,""9"":88},""Monday"":{""10"":78,""11"":80,""12"":70,""13"":68,""14"":78,""15"":81,""16"":70,""17"":0,""18"":0,""19"":0,""20"":0,""21"":0,""22"":0,""23"":0,""6"":0,""7"":0,""8"":50,""9"":70},""Saturday"":{},""Sunday"":{},""Thursday"":{""10"":75,""11"":75,""12"":75,""13"":75,""14"":83,""15"":88,""16"":67,""17"":0,""18"":0,""19"":0,""20"":0,""21"":0,""22"":0,""23"":0,""6"":0,""7"":0,""8"":42,""9"":67},""Tuesday"":{""10"":93,""11"":90,""12"":88,""13"":88,""14"":98,""15"":88,""16"":65,""17"":0,""18"":0,""19"":0,""20"":0,""21"":0,""22"":0,""23"":0,""6"":0,""7"":0,""8"":68,""9"":83},""Wednesday"":{""10"":100,""11"":93,""12"":93,""13"":80,""14"":68,""15"":63,""16"":52,""17"":0,""18"":0,""19"":0,""20"":0,""21"":0,""22"":0,""23"":0,""6"":0,""7"":0,""8"":63,""9"":83}}",https://shinhan.com.vn/vi,024 7309 9314,"2VH2+PF Hoàn Kiếm, Hà Nội",4.1,21.02937,105.851145,348097989620269690,Đã đóng cửa ⋅ Mở lúc 8:30 Th 2,,https://lh3.googleusercontent.com/gps-cs-s/AC9h4nq6aX54xoVqWKGa2CNVdp07qGOTpUiYBlHm9XhERwZ5S68EX-ks27BZCeXyuVojFPuXyjL4Ix8hmQ1o_2BIA3BvxGe3CHedpiyCCxGQlYTcigW7qZKtSvC_jwcYIInSi4ZT5ODRZHpLRqc=w408-h306-k-no,Asia/Saigon,"{""id"":""102798639511366470789"",""name"":""Ngân Hàng Shinhan Lê Thái Tổ (Chủ sở hữu)"",""link"":""https://www.google.com/maps/contrib/102798639511366470789""}"
https://www.google.com/maps/place/Ng%C3%A2n+H%C3%A0ng+Tmcp+D%E1%BA%A7u+Kh%C3%AD+To%C3%A0n+C%E1%BA%A7u+%28Gp.Bank%29+-+Pgd+T%C3%A2y+S%C6%A1n/data=!4m7!3m6!1s0x3135ab7f0e01c30b:0xd6b4c7b3933d5458!8m2!3d21!4d105!16s%2Fg%2F1hc0ynbyv!19sChIJC8MBDn-rNTERWFQ9k7PHtNY?authuser=0&hl=vi&rclk=1,Ngân Hàng Tmcp Dầu Khí Toàn Cầu (Gp.Bank) - Pgd Tây Sơn,Ngân hàng,"36 P. Tây Sơn, Quang Trung, Đống Đa, Hà Nội","{""Chủ Nhật"":[""Mở cửa cả ngày""],""Thứ Ba"":[""Mở cửa cả ngày""],""Thứ Bảy"":[""Mở cửa cả ngày""],""Thứ Hai"":[""Mở cửa cả ngày""],""Thứ Năm"":[""Mở cửa cả ngày""],""Thứ Sáu"":[""Mở cửa cả ngày""],""Thứ Tư"":[""Mở cửa cả ngày""]}","{""Friday"":{""0"":25,""1"":31,""10"":56,""11"":75,""12"":68,""13"":56,""14"":37,""15"":25,""16"":25,""17"":31,""18"":25,""19"":25,""2"":31,""20"":18,""21"":25,""22"":25,""23"":25,""3"":37,""4"":18,""5"":18,""6"":25,""7"":18,""8"":18,""9"":31},""Monday"":{""0"":6,""1"":12,""10"":43,""11"":43,""12"":37,""13"":31,""14"":37,""15"":37,""16"":56,""17"":56,""18"":50,""19"":43,""2"":18,""20"":43,""21"":43,""22"":25,""23"":18,""3"":18,""4"":31,""5"":25,""6"":37,""7"":43,""8"":37,""9"":43},""Saturday"":{""0"":37,""1"":62,""10"":37,""11"":56,""12"":43,""13"":37,""14"":25,""15"":18,""16"":12,""17"":25,""18"":43,""19"":68,""2"":75,""20"":62,""21"":43,""22"":25,""23"":31,""3"":68,""4"":56,""5"":56,""6"":75,""7"":68,""8"":62,""9"":50},""Sunday"":{""0"":56,""1"":43,""10"":50,""11"":43,""12"":31,""13"":43,""14"":43,""15"":62,""16"":56,""17"":50,""18"":37,""19"":18,""2"":37,""20"":18,""21"":31,""22"":62,""23"":56,""3"":43,""4"":43,""5"":31,""6"":25,""7"":25,""8"":31,""9"":37},""Thursday"":{""0"":12,""1"":18,""10"":0,""11"":6,""12"":18,""13"":31,""14"":31,""15"":25,""16"":31,""17"":37,""18"":31,""19"":37,""2"":31,""20"":18,""21"":12,""22"":18,""23"":25,""3"":62,""4"":50,""5"":43,""6"":12,""7"":12,""8"":0,""9"":0},""Tuesday"":{""0"":50,""1"":56,""10"":12,""11"":18,""12"":18,""13"":18,""14"":31,""15"":37,""16"":37,""17"":50,""18"":43,""19"":56,""2"":50,""20"":50,""21"":50,""22"":31,""23"":37,""3"":37,""4"":18,""5"":12,""6"":37,""7"":31,""8"":50,""9"":18},""Wednesday"":{""0"":31,""1"":50,""10"":56,""11"":25,""12"":12,""13"":18,""14"":31,""15"":43,""16"":50,""17"":75,""18"":81,""19"":100,""2"":43,""20"":68,""21"":37,""22"":31,""23"":25,""3"":37,""4"":50,""5"":37,""6"":62,""7"":43,""8"":62,""9"":62}}",https://gpbank.com.vn/Network?Province=PROV010,024 3533 4930,"2R7G+CP Đống Đa, Hà Nội",0.0,21.013535,105.826805,15471210194007839832,Mở cả ngày,,,Asia/Saigon,"{""id"":"""",""name"":""Ngân Hàng Tmcp Dầu Khí Toàn Cầu (Gp.Bank) - Pgd Tây Sơn (Chủ sở hữu)"",""link"":""""}"
https://www.google.com/maps/place/BAOVIET+Bank+-+PGD+V%C4%83n+Mi%E1%BA%BFu/data=!4m7!3m6!1s0x3135ab9a28317887:0x2613c8668624ac3b!8m2!3d21!4d105!16s%2Fg%2F1hc16yxf4!19sChIJh3gxKJqrNTERO6wkhmbIEyY?authuser=0&hl=vi&rclk=1,BAOVIET Bank - PGD Văn Miếu,Ngân hàng đầu tư,"nbsp;, 71 P. Ngô Sỹ Liên, Văn Miếu, Đống Đa, Hà Nội 010000","{""Chủ Nhật"":[""Đóng cửa""],""Thứ Ba"":[""08:00–16:00""],""Thứ Bảy"":[""08:00–12:00""],""Thứ Hai"":[""08:00–16:00""],""Thứ Năm"":[""08:00–16:00""],""Thứ Sáu"":[""08:00–16:00""],""Thứ Tư"":[""08:00–16:00""]}",{},,024 3732 6506,"2RGQ+C9 Đống Đa, Hà Nội",3.7,21.02604,105.838461,2743756940661533755,Đã đóng cửa ⋅ Mở lúc 8:00 Th 7,,https://lh3.googleusercontent.com/gps-cs-s/AC9h4npX5ki5V2jDPicgy1wcZ9-2htBo_yyZayE3bjFj8yn6zy4tSk1rmnmquyVZHjXHzMNp4G2rpsrlrcTxxyPiG1cyubLHeVFRLRZHjKQgV2L05eXXZ-2700FBnC5AX4IrtoVsuOyr=w426-h240-k-no,Asia/Saigon,"{""id"":""109261146784394609259"",""name"":""BAOVIET Bank - PGD Văn Miếu (Chủ sở hữu)"",""link"":""https://www.google.com/maps/contrib/109261146784394609259""}"
https://www.google.com/maps/place/GP+Bank+B%C3%B9i+Th%E1%BB%8B+Xu%C3%A2n/data=!4m7!3m6!1s0x3135ab8b0b6c7185:0xe6de8c71af80390!8m2!3d21!4d105!16s%2Fg%2F1hc0rcvxz!19sChIJhXFsC4urNTERkAP4GsfobQ4?authuser=0&hl=vi&rclk=1,GP Bank Bùi Thị Xuân,Ngân hàng,"121 P. Bùi Thị Xuân, Lê Đại Hành, Hai Bà Trưng, Hà Nội",{},{},,024 3974 8436,"2V62+J2 Hai Bà Trưng, Hà Nội",3.0,21.011574,105.850038,1039743030841050000,,,https://lh3.googleusercontent.com/gps-cs-s/AC9h4nqoV1sNjFnID80wNZjYOw82UZP1din2xoo7nePgJJ8H2px8dSSwwTxSPbjgL86XsCmY-6oFRRsumZeeQE5p5B-EngjCXDL83UmZTjID0dxnruj-F77LrfDGSRuZgmDsH4zYDzA=w408-h771-k-no,Asia/Saigon,"{""id"":"""",""name"":""GP Bank Bùi Thị Xuân (Chủ sở hữu)"",""link"":""""}"
https://www.google.com/maps/place/Ab+Bank/data=!4m7!3m6!1s0x3135ac6141c28543:0x8cbce1eab22024f!8m2!3d20!4d105!16s%2Fg%2F11rc1ngfqs!19sChIJQ4XCQWGsNTERTwIiqx7Oywg?authuser=0&hl=vi&rclk=1,Ab Bank,Ngân hàng,"262 P. Lê Trọng Tấn, Định Công, Thanh Xuân, Hà Nội","{""Chủ Nhật"":[""Đóng cửa""],""Thứ Ba"":[""08:00–17:00""],""Thứ Bảy"":[""08:00–12:00""],""Thứ Hai"":[""08:00–17:00""],""Thứ Năm"":[""08:00–17:00""],""Thứ Sáu"":[""08:00–17:00""],""Thứ Tư"":[""08:00–17:00""]}",{},,024 3566 5406,"XRRM+6C Thanh Xuân, Hà Nội",5.0,20.99051,105.833517,633826803691160143,Đã đóng cửa ⋅ Mở lúc 8:00 Th 7,,,Asia/Saigon,"{""id"":"""",""name"":""Ab Bank (Chủ sở hữu)"",""link"":""""}"
https://www.google.com/maps/place/GP+Bank+B%E1%BA%A1ch+Mai/data=!4m7!3m6!1s0x3135ac736b471df1:0xec9b3383414804f7!8m2!3d21!4d105!16s%2Fg%2F11r9t4ssf!19sChIJ8R1Ha3OsNTER9wRIQYMzm-w?authuser=0&hl=vi&rclk=1,GP Bank Bạch Mai,Ngân hàng,"353 P. Bạch Mai, Bạch Mai, Hai Bà Trưng, Hà Nội",{},{},https://www.gpbank.com.vn/NewsDetail?NewsID=230,024 3627 5778,"2V22+36 Hai Bà Trưng, Hà Nội",3.0,21.000182,105.850588,17049277453170115831,,,https://lh3.googleusercontent.com/gps-cs-s/AC9h4nrjUxBsdZBNQ28MU_6q-QzFZ09ULj0Mp8PIQBRa_bqc6JXDivJ08dLRni0OtFKhs0FZF37iYU2egswIFm75vEH9LME76cXh-HrsIqgEqdJmNFj6iacwqAnwAFsod0ijynyYdweL=w408-h544-k-no,Asia/Saigon,"{""id"":"""",""name"":""GP Bank Bạch Mai (Chủ sở hữu)"",""link"":""""}"
https://www.google.com/maps/place/Bac+A+Bank/data=!4m7!3m6!1s0x3135ab08e814dd27:0xa9a61be920e93356!8m2!3d21!4d105!16s%2Fg%2F11q1wg9676!19sChIJJ90U6AirNTERVjPpIOkbpqk?authuser=0&hl=vi&rclk=1,Bac A Bank,Ngân hàng,"Thụy Khuê, Tây Hồ, Hà Nội","{""Chủ Nhật"":[""Đóng cửa""],""Thứ Ba"":[""Đóng cửa""],""Thứ Bảy"":[""08:00–12:00""],""Thứ Hai"":[""08:00–16:00""],""Thứ Năm"":[""Đóng cửa""],""Thứ Sáu"":[""Đóng cửa""],""Thứ Tư"":[""Đóng cửa""]}",{},,,"2RVF+2V Tây Hồ, Hà Nội",0.0,21.042585,105.824711,12224488926637273942,Đã đóng cửa ⋅ Mở lúc 8:00 Th 7,,https://lh3.googleusercontent.com/gps-cs-s/AC9h4npxEs_YiVASSSmMNWjaI2LfKXS7dgkfQaAMsZkMR5wbkTsoMMv0wZSkPIjsXqwTCjjOFMIEZzZdGhahw7GugpbBUn7SOCeTFIJRcZIM7v5LJ3tH9qrMBCO4oRlihawXOOWZR-0_=w408-h306-k-no,Asia/Saigon,"{""id"":"""",""name"":""Bac A Bank (Chủ sở hữu)"",""link"":""""}"
https://www.google.com/maps/place/Ng%C3%A2n+H%C3%A0ng+B%E1%BA%AFc+%C3%81+-+Bac+A+Bank+@+Ph%C3%B2ng+Giao+D%E1%BB%8Bch+B%E1%BA%A1ch+Mai/data=!4m7!3m6!1s0x3135ac7498f2b66b:0xed2d452f83c54e10!8m2!3d21!4d105!16s%2Fg%2F1hc1vszrj!19sChIJa7bymHSsNTEREE7Fgy9FLe0?authuser=0&hl=vi&rclk=1,Ngân Hàng Bắc Á - Bac A Bank @ Phòng Giao Dịch Bạch Mai,Ngân hàng,"270 P. Bạch Mai, Bạch Mai, Hai Bà Trưng, Hà Nội","{""Chủ Nhật"":[""Đóng cửa""],""Thứ Ba"":[""08:00–17:00""],""Thứ Bảy"":[""08:00–11:30""],""Thứ Hai"":[""08:00–17:00""],""Thứ Năm"":[""08:00–17:00""],""Thứ Sáu"":[""08:00–17:00""],""Thứ Tư"":[""08:00–17:00""]}",{},,024 3627 6747,"2V32+28 Hai Bà Trưng, Hà Nội",3.8,21.002572,105.850764,17090392231317425680,Đã đóng cửa ⋅ Mở lúc 8:00 Th 7,,https://lh3.googleusercontent.com/gps-cs-s/AC9h4nrFytLw4L9b5G3J5YF4lvHHI5sYoNmvnEdjDzWFE8O4nCFnMmAPBwjoHws8E_qGhRZO-sioNOpkkNzAazbeB8WvObUlrzZhfch0QYS5ab7kRaKOLODvZq-1W2a-p3VeKLbD76_q=w408-h416-k-no,Asia/Saigon,"{""id"":"""",""name"":""Ngân Hàng Bắc Á - Bac A Bank @ Phòng Giao Dịch Bạch Mai (Chủ sở hữu)"",""link"":""""}"
https://www.google.com/maps/place/Public+Bank+Gi%E1%BA%A3ng+V%C3%B5/data=!4m7!3m6!1s0x3135ab0060889ee1:0x4b6029e85b37b1cc!8m2!3d21!4d105!16s%2Fg%2F11w3bvcn_y!19sChIJ4Z6IYACrNTERzLE3W-gpYEs?authuser=0&hl=vi&rclk=1,Public Bank Giảng Võ,Ngân hàng,"2RHC+2Q2 Public Bank Giảng Võ, P. Trần Huy Liệu, Khu tập thể Giảng Võ, Ba Đình, Hà Nội",{},{},,,,0.0,21.027505,105.821887,5431387228548346316,,,,Asia/Saigon,"{""id"":"""",""name"":""Public Bank Giảng Võ (Chủ sở hữu)"",""link"":""""}"
https://www.google.com/maps/place/Ho+Chi+Minh+City+Housing+Development+Commercial+Joint+Stock+Bank+%28HDBank%29/data=!4m7!3m6!1s0x3135ab76093ea6ed:0x7f7301a1d1c78e6e!8m2!3d21!4d105!16s%2Fg%2F11b6dfp1w5!19sChIJ7aY-CXarNTERbo7H0aEBc38?authuser=0&hl=vi&rclk=1,Ho Chi Minh City Housing Development Commercial Joint Stock Bank (HDBank),Ngân hàng,"O, 214 P. Hào Nam, Chợ Dừa, Đống Đa, Hà Nội",{},{},,,"2RGH+M6 Đống Đa, Hà Nội",0.0,21.026675,105.82803,9183685859659452014,,,,Asia/Saigon,"{""id"":"""",""name"":""Ho Chi Minh City Housing Development Commercial Joint Stock Bank (HDBank) (Chủ sở hữu)"",""link"":""""}"
https://www.google.com/maps/place/SHB+Bank@+MA+May+Branch/data=!4m7!3m6!1s0x3135abc0ad9df3a1:0xc7b3ce9d8b239bfb!8m2!3d21!4d105!16s%2Fg%2F11r90c0d6!19sChIJofOdrcCrNTER-5sji53Os8c?authuser=0&hl=vi&rclk=1,SHB Bank@ MA May Branch,Ngân hàng,"4 Ma May Street, Hoan Kiem District, Ha Noi City, Hàng Buồm, Hoàn Kiếm, Hà Nội",{},{},,024 6270 2070,"2VP3+97 Hoàn Kiếm, Hà Nội",0.0,21.035991,105.853186,14390072410418420731,,,,Asia/Saigon,"{""id"":"""",""name"":""SHB Bank@ MA May Branch (Chủ sở hữu)"",""link"":""""}"
https://www.google.com/maps/place/Global+Petro+Commercial+Joint+Stock+Bank+-+Doi+Can+Transaction+Office/data=!4m7!3m6!1s0x3135ab0b12c36afb:0x942e7284be58347!8m2!3d21!4d105!16s%2Fg%2F11b6drr0qf!19sChIJ-2rDEgurNTERR4PlSyjnQgk?authuser=0&hl=vi&rclk=1,Global Petro Commercial Joint Stock Bank - Doi Can Transaction Office,Ngân hàng,"200, Doi Can Street, Ba Dinh District, Đội Cấn, Ba Đình, Hà Nội",{},{},,,"2RPF+2V Ba Đình, Hà Nội",5.0,21.035089,105.824689,667349855062295367,,,,Asia/Saigon,"{""id"":"""",""name"":""Global Petro Commercial Joint Stock Bank - Doi Can Transaction Office (Chủ sở hữu)"",""link"":""""}"
https://www.google.com/maps/place/Ng%C3%A2n+H%C3%A0ng+Nam+%C3%81+-+Nam+A+Bank+@+Ph%C3%B2ng+Giao+D%E1%BB%8Bch+%C4%90%E1%BB%93ng+T%C3%A2m/data=!4m7!3m6!1s0x3135ac71328e1729:0x1c4e507f3ea15917!8m2!3d21!4d105!16s%2Fg%2F11r935znl!19sChIJKReOMnGsNTERF1mhPn9QThw?authuser=0&hl=vi&rclk=1,Ngân Hàng Nam Á - Nam A Bank @ Phòng Giao Dịch Đồng Tâm,Ngân hàng,"52 P. Lê Thanh Nghị, Bách Khoa, Hai Bà Trưng, Hà Nội",{},{},,024 3628 2470,"2R3X+9J Hai Bà Trưng, Hà Nội",2.1,21.003468,105.849094,2039656188687243543,,,,Asia/Saigon,"{""id"":"""",""name"":""Ngân Hàng Nam Á - Nam A Bank @ Phòng Giao Dịch Đồng Tâm (Chủ sở hữu)"",""link"":""""}"
https://www.google.com/maps/place/VIETINBANK+CN+TP.+H%C3%A0+N%E1%BB%99i+PGD+%C4%90inh+Ti%C3%AAn+Ho%C3%A0ng/data=!4m7!3m6!1s0x3135ab8839dc7417:0x2356190249e72e04!8m2!3d21!4d105!16s%2Fg%2F11vlg8lwh6!19sChIJF3TcOYirNTERBC7nSQIZViM?authuser=0&hl=vi&rclk=1,VIETINBANK CN TP. Hà Nội PGD Đinh Tiên Hoàng,Ngân hàng,"29 P. Đinh Tiên Hoàng, Hàng Trống, Hoàn Kiếm, Hà Nội","{""Chủ Nhật"":[""Đóng cửa""],""Thứ Ba"":[""08:00–11:30"",""13:00–17:00""],""Thứ Bảy"":[""Đóng cửa""],""Thứ Hai"":[""08:00–11:30"",""13:00–17:00""],""Thứ Năm"":[""08:00–11:30"",""13:00–17:00""],""Thứ Sáu"":[""08:00–11:30"",""13:00–17:00""],""Thứ Tư"":[""08:00–11:30"",""13:00–17:00""]}",{},https://vietinbank.vn/,024 3824 9042,"2VJ3+Q2 Hoàn Kiếm, Hà Nội",5.0,21.03194,105.852508,2546250136945110532,Đã đóng cửa ⋅ Mở lúc 8:00 Th 2,,https://lh3.googleusercontent.com/p/AF1QipN9dDwCiVmLiOaUPmG_rTYd-DEu2QE2to_pSM6y=w408-h306-k-no,Asia/Saigon,"{""id"":""106682849807478385077"",""name"":""VIETINBANK CN TP. Hà Nội PGD Đinh Tiên Hoàng (Chủ sở hữu)"",""link"":""https://www.google.com/maps/contrib/106682849807478385077""}"
https://www.google.com/maps/place/Tp+Bank/data=!4m7!3m6!1s0x3135ac6d783335a1:0x20d4c474e2904bb6!8m2!3d20!4d105!16s%2Fg%2F11q1j4rzd2!19sChIJoTUzeG2sNTERtkuQ4nTE1CA?authuser=0&hl=vi&rclk=1,Tp Bank,Ngân hàng,"Trương Định, Hai Bà Trưng, Hà Nội",{},{},,,"XRWX+4W Hai Bà Trưng, Hà Nội",0.0,20.995273,105.849762,2365731710572710838,,,,Asia/Saigon,"{""id"":"""",""name"":""Tp Bank (Chủ sở hữu)"",""link"":""""}"
https://www.google.com/maps/place/B%E1%BA%AFc+%C3%81+Bank+Xu%C3%A2n+La/data=!4m7!3m6!1s0x3135aae0c490dff7:0x5663beccf4c9ceef!8m2!3d21!4d105!16s%2Fg%2F11fxct4kmr!19sChIJ99-QxOCqNTER787J9My-Y1Y?authuser=0&hl=vi&rclk=1,Bắc Á Bank Xuân La,Ngân hàng,"4 Ng. 28 Đ. Xuân La, Xuân La, Tây Hồ, Hà Nội","{""Chủ Nhật"":[""Đóng cửa""],""Thứ Ba"":[""08:00–17:00""],""Thứ Bảy"":[""08:00–17:00""],""Thứ Hai"":[""08:00–17:00""],""Thứ Năm"":[""08:00–17:00""],""Thứ Sáu"":[""08:00–17:00""],""Thứ Tư"":[""08:00–17:00""]}",{},,024 3715 3264,"3R75+24 Tây Hồ, Hà Nội",2.1,21.062599,105.807841,6225028897445629679,Đã đóng cửa ⋅ Mở lúc 8:00 Th 7,,https://lh3.googleusercontent.com/gps-cs-s/AC9h4nq6LyGC5K-jDO9nfHQAP1DbVRmq5jfRXyWUPUPcawbF6XTODZR4apAEDnGf6ky3Y6pXDq1KbcC2spEOzc6iG5QQ6ozxg57rSqxJsmsexSY_xFBSqVwyjersrW1d9bJPcTKx-zvH=w408-h306-k-no,Asia/Saigon,"{""id"":"""",""name"":""Bắc Á Bank Xuân La (Chủ sở hữu)"",""link"":""""}"
https://www.google.com/maps/place/Vietin+Bank/data=!4m7!3m6!1s0x3135ab8ccd64250b:0x7bb0a374b47d05d3!8m2!3d21!4d105!16s%2Fg%2F11cm6wcc3j!19sChIJCyVkzYyrNTER0wV9tHSjsHs?authuser=0&hl=vi&rclk=1,Vietin Bank,Ngân hàng,"35 P. Hoà Mã, Ngô Thì Nhậm, Hai Bà Trưng, Hà Nội",{},{},,,"2V72+XW Hai Bà Trưng, Hà Nội",0.0,21.014922,105.85233,8912803384205837779,,,https://lh3.googleusercontent.com/gps-cs-s/AC9h4npzPdUnQNlg8hOb75Dj8am8U4kCgpqIF_Qq0mcYrwmuWLI2Ek8g4fgJvfoqnEtSyUuMTkj43HoGMN5o4aP01qqVSdKKxW5_2KXWHOub1Xf0dlQHaGVjpTklKjFnzPfu1eDdjvygEg=w426-h240-k-no,Asia/Saigon,"{""id"":"""",""name"":""Vietin Bank (Chủ sở hữu)"",""link"":""""}"
https://www.google.com/maps/place/Ng%C3%A2n+h%C3%A0ng+Qu%E1%BB%91c+T%E1%BA%BF+-+VIB+S%E1%BB%9F+giao+d%E1%BB%8Bch/data=!4m7!3m6!1s0x3135abeda9134255:0xb092cd95de313f0c!8m2!3d21!4d105!16s%2Fg%2F11dxc1vn20!19sChIJVUITqe2rNTERDD8x3pXNkrA?authuser=0&hl=vi&rclk=1,Ngân hàng Quốc Tế - VIB Sở giao dịch,Ngân hàng,"Tòa nhà Corner Stone Building, 16 P. Phan Chu Trinh, P, Hoàn Kiếm, Hà Nội","{""Chủ Nhật"":[""Đóng cửa""],""Thứ Ba"":[""08:00–12:00"",""13:00–17:00""],""Thứ Bảy"":[""08:00–12:00""],""Thứ Hai"":[""08:00–12:00"",""13:00–17:00""],""Thứ Năm"":[""08:00–12:00"",""13:00–17:00""],""Thứ Sáu"":[""08:00–12:00"",""13:00–17:00""],""Thứ Tư"":[""08:00–12:00"",""13:00–17:00""]}",{},http://www.vib.com.vn/,024 7301 3638,"2VC4+97 Hoàn Kiếm, Hà Nội",4.5,21.02099,105.8557,12723457940836663052,Đã đóng cửa ⋅ Mở lúc 8:00 Th 7,,https://lh3.googleusercontent.com/p/AF1QipN8XnPS_h6Of189a1BbhzSIWFn8qvszf_I_NeeE=w408-h408-k-no,Asia/Saigon,"{""id"":""104294004770558748779"",""name"":""Ngân hàng Quốc Tế - VIB Sở giao dịch (Chủ sở hữu)"",""link"":""https://www.google.com/maps/contrib/104294004770558748779""}"
https://www.google.com/maps/place/Ng%C3%A2n+h%C3%A0ng+Qu%E1%BB%91c+T%E1%BA%BF+-+VIB+C%E1%BB%ADa+%C4%90%C3%B4ng/data=!4m7!3m6!1s0x3135abbe9947c2fb:0xe11c6fd7e2cc89ac!8m2!3d21!4d105!16s%2Fg%2F11c2p8xzwq!19sChIJ-8JHmb6rNTERrInM4tdvHOE?authuser=0&hl=vi&rclk=1,Ngân hàng Quốc Tế - VIB Cửa Đông,Ngân hàng,"09 P. Cửa Đông, Hàng Bồ, Hoàn Kiếm, Hà Nội 10000","{""Chủ Nhật"":[""Đóng cửa""],""Thứ Ba"":[""08:00–12:00"",""13:00–17:00""],""Thứ Bảy"":[""08:00–12:00""],""Thứ Hai"":[""08:00–12:00"",""13:00–17:00""],""Thứ Năm"":[""08:00–12:00"",""13:00–17:00""],""Thứ Sáu"":[""08:00–12:00"",""13:00–17:00""],""Thứ Tư"":[""08:00–12:00"",""13:00–17:00""]}",{},https://www.vib.com.vn/,024 3207 1199,"2RMW+QP Hoàn Kiếm, Hà Nội",4.0,21.034394,105.846791,16220962930895391148,Đã đóng cửa ⋅ Mở lúc 8:00 Th 7,,https://lh3.googleusercontent.com/gps-cs-s/AC9h4noFp-6_j1sgQ51-HyU-_F-RnxOB9guDvIRtFcB1p98B5GbNEr0hwnv4ho1YkYk8ivipPxn557BVwuIrFJmrkcQgKYfWSnRVpTeOrW-q7kJR-mWFTyT4hCPGndEK6Q51C4e6LmW8=w408-h544-k-no,Asia/Saigon,"{""id"":""100666199621326001071"",""name"":""Ngân hàng Quốc Tế - VIB Cửa Đông (Chủ sở hữu)"",""link"":""https://www.google.com/maps/contrib/100666199621326001071""}"
https://www.google.com/maps/place/TP+bank/data=!4m7!3m6!1s0x3135ad20a3b9b8cf:0xf7c279b592e822bc!8m2!3d20!4d105!16s%2Fg%2F11q881sm7z!19sChIJz7i5oyCtNTERvCLokrV5wvc?authuser=0&hl=vi&rclk=1,TP bank,Ngân hàng,"Số 349 P. Minh Khai, Vĩnh Tuy, Hai Bà Trưng, Hà Nội","{""Chủ Nhật"":[""Đóng cửa""],""Thứ Ba"":[""08:00–17:00""],""Thứ Bảy"":[""08:00–12:00""],""Thứ Hai"":[""08:00–17:00""],""Thứ Năm"":[""08:00–17:00""],""Thứ Sáu"":[""08:00–17:00""],""Thứ Tư"":[""08:00–17:00""]}","{""Friday"":{""10"":100,""11"":82,""12"":67,""13"":82,""14"":92,""15"":89,""16"":71,""17"":0,""18"":0,""19"":0,""20"":0,""21"":0,""22"":0,""23"":0,""6"":0,""7"":0,""8"":64,""9"":89},""Monday"":{""10"":92,""11"":89,""12"":78,""13"":75,""14"":89,""15"":85,""16"":78,""17"":0,""18"":0,""19"":0,""20"":0,""21"":0,""22"":0,""23"":0,""6"":0,""7"":0,""8"":82,""9"":89},""Saturday"":{""10"":89,""11"":100,""12"":0,""13"":0,""14"":0,""15"":0,""16"":0,""17"":0,""18"":0,""19"":0,""20"":0,""21"":0,""22"":0,""23"":0,""6"":0,""7"":0,""8"":39,""9"":71},""Sunday"":{},""Thursday"":{""10"":67,""11"":64,""12"":42,""13"":35,""14"":39,""15"":46,""16"":42,""17"":0,""18"":0,""19"":0,""20"":0,""21"":0,""22"":0,""23"":0,""6"":0,""7"":0,""8"":42,""9"":60},""Tuesday"":{""10"":53,""11"":42,""12"":46,""13"":53,""14"":78,""15"":89,""16"":78,""17"":0,""18"":0,""19"":0,""20"":0,""21"":0,""22"":0,""23"":0,""6"":0,""7"":0,""8"":78,""9"":75},""Wednesday"":{""10"":60,""11"":46,""12"":50,""13"":46,""14"":71,""15"":89,""16"":67,""17"":0,""18"":0,""19"":0,""20"":0,""21"":0,""22"":0,""23"":0,""6"":0,""7"":0,""8"":53,""9"":57}}",,1900 585885,"XVX8+22 Hai Bà Trưng, Hà Nội",4.4,20.997569,105.865048,17852965693610795708,Đã đóng cửa ⋅ Mở lúc 8:00 Th 7,,https://lh3.googleusercontent.com/gps-cs-s/AC9h4npKKOkF6t8VOaAbE-lAvvur66CZNNLNP9jGhU4d3gA9_yxsuD9aswA5tnoPyNqWEOJ4V5g1NfsaVY_OQoLGyKoN9Q626LBhSMu91qjCsKCadZjPdWee0bk46xnBaiykHNX6hoU=w408-h306-k-no,Asia/Saigon,"{""id"":""104504329784708934055"",""name"":""TP bank (Chủ sở hữu)"",""link"":""https://www.google.com/maps/contrib/104504329784708934055""}"
https://www.google.com/maps/place/ATM+PGBank+-+Kh%C3%A2m+Thi%C3%AAn/data=!4m7!3m6!1s0x3135ab85442aeddf:0xe54014af452d3193!8m2!3d21!4d105!16s%2Fg%2F11b6dcvc_j!19sChIJ3-0qRIWrNTERkzEtRa8UQOU?authuser=0&hl=vi&rclk=1,ATM PGBank - Khâm Thiên,Ngân hàng,"1, Khâm Thiên, Đống Đa, Khâm Thiên, Đống Đa, Hà Nội",{},{},http://www.pgbank.com.vn/,1900 555574,"2R9R+F7 Đống Đa, Hà Nội",0.0,21.018674,105.840678,16519226176207401363,,,https://lh3.googleusercontent.com/gps-cs-s/AC9h4nr3yv1lvde9rJigjMHSsWSeydLAhgOjlDJpijEwIXht7ETd7UnPVSbfmrOXbkZunMLugOuv-HJPG6vegvr8nt-Q_MXUnu81b0XN63V3fkuG_lhdlri2amhl2bkQp_V-4ezdgZkXMw=w408-h397-k-no,Asia/Saigon,"{""id"":"""",""name"":""ATM PGBank - Khâm Thiên (Chủ sở hữu)"",""link"":""""}"
